id,organization_id,program_id,name,alternate_name,description,url,email,status,interpretation_services,application_process,wait_time,fees,accreditations,licenses
135836,91676,,Free legal information and forms in Cook County,,Legal self-help center,http://www.ahml.info/,,,,"",,Free to everyone,,
132741,25231,,North Lawndale legal clinic,,Direct representation,,,,,"Telephone

    Walk-inAll clinics are walk-in only, we do not make appointments.

Call 312-341-1070, select your preferred language, and choose option 4 for more information about LAF's legal clinics.Walk-in clients are seen on a first-come, first-served basis. Doors open at 4PM. If you arrive before the clinic closes, you will be seen.",,Free to eligible persons/entities,,
129441,25231,,Public benefits outreach and enrollment project - Englewood,,Direct representation,,,,,"Walk-inFirst come, first served. It is best to come at 9 a.m. to receive assistance.",,Free to eligible persons/entities,,
129071,91676,,Free information and forms in Cook County,,Legal self-help center,https://www.epl.org/,,,,"",,Free to everyone,,
127461,127446,,Free bankruptcy filing,,Direct representation,,,,,"Telephone

    OnlineYou will be able to speak to us if you call during business hours. If you call after business hours, please leave a message and we will get back to you in 24 hours.Click the link below to get started.",,Free to eligible persons/entities,,
127216,25476,,Free legal information and forms in Morgan County,,Legal self-help center,http://www.pspld.com/,,,,"",,Free to everyone,,
127206,25476,,Free legal information and forms in Morgan County,,Legal self-help center,http://www.pspld.com,,,,"",,Free to everyone,,
127186,25441,,Free legal information and forms in Menard County,,Legal self-help center,http://www.pspld.com/,,,,"",,Free to everyone,,
127176,25441,,Free legal information and forms in Menard County,,Legal self-help center,http://www.pspld.com/,,,,"",,Free to everyone,,
127166,124266,,Free legal information and forms in Cass County,,Legal self-help center,http://www.pspld.com/,,,,"",,Free to everyone,,
127156,115951,,Free legal information and forms in Sangamon County,,Legal self-help center,http://www.pspld.com/,,,,"",,Free to everyone,,
127061,124266,,Free legal information and forms in Cass County,,Legal self-help center,http://www.pspld.com/,,,,"",,Free to everyone,,
127051,115951,,Free legal information and forms in Sangamon County,,Legal self-help center,http://www.pspld.com/,,,,"",,Free to everyone,,
124276,124266,,Free legal information and forms in Cass County,,Legal self-help center,http://virginiamemorialpubliclibrary.com/,,,,"",,Free to everyone,,
122701,24456,,Free legal information and forms in Adams County,,Legal self-help center,http://www.co.adams.il.us/Circuit_Clerk/index.htm,,,,"",,Free to everyone,,
120306,25121,,Free legal information and court forms in Jackson County,,Legal self-help center,http://explorecarbondale.com/node/61,,,,"",,Free to everyone,,
120061,91676,,Free legal information and forms in Cook County,,Legal self-help center,https://mppl.org/,,,,"",,Free to everyone,,
116931,24716,,Free legal information and forms in Clinton County,,Legal self-help center,http://clintoncountycircuitclerk.com/,,,,"",,Free to everyone,,
115961,115951,,Free legal information and forms in Sangamon County,,Legal self-help center,http://www.lincolnlibrary.info/,,,,"",,Free to everyone,,
113196,25121,,Free legal information and forms in Jackson County,,Legal self-help center,http://circuitclerk.co.jackson.il.us/,,,,"",,Free to everyone,,
111176,24726,,Free legal advice for immigrants,,Direct representation,,,,,TelephonePlease leave a message and we will call you back within 2 business days.,,Free to everyone,,
110956,25581,,Free legal information and forms in Piatt County,,Legal self-help center,https://www.facebook.com/Willow-Branch-Township-Library-190605167751359/,,,,"",,Free to everyone,,
110896,51926,,Free legal information and forms in DuPage County,,Legal self-help center,http://www.wcpld.info/,,,,"",,Free to everyone,,
108216,131321,,IL-AFLAN,,Direct representation,,,,,"TelephoneCall when you have time to talk to a lawyer, with any relevant documents in front of you. Please listen to phone prompts. If the wait is more than 10 minutes you will be able to schedule a callback. We also serve qualified spouses and dependents.",,Free to eligible persons/entities,,
107761,25251,,Legal Help for Domestic Abuse in SW Illinois,,Direct representation,,,,,Online through IllinoisLegalAid.org,,Free to everyone,,
107756,25251,,Legal Help for Domestic Abuse in Southern Illinois,,Direct representation,,,,,Online through IllinoisLegalAid.org,,Free to everyone,,
107751,25251,,Legal Help for Domestic Abuse in Central Illinois,,Direct representation,,,,,Online through IllinoisLegalAid.org,,Free to everyone,,
107746,25251,,Legal Help for Domestic Abuse in Eastern Illinois,,Direct representation,,,,,Online through IllinoisLegalAid.org,,Free to everyone,,
107741,25251,,"Legal Help for Domestic Abuse in Clinton, Fayette, Monroe, Randolph, St. Clair and Washington Counties",,Direct representation,,,,,Online through IllinoisLegalAid.org,,Free to everyone,,
107096,107041,,"Quality, low cost immigration legal services",,Direct representation,,,,,"Telephone

    Walk-in

    Email",,Flat fee regardless of income,,
106706,25566,,Free legal information and forms in Peoria County,,Legal self-help center,http://www.metecresourcecenter.com/,,,,"",,Free to everyone,,
105921,25231,,McCutcheon legal clinic,,Direct representation,,,,,"Telephone

    Walk-inAll clinics are walk-in only, we do not make appointments.

Call 312-341-1070, select your preferred language, and choose option 4 for more information about LAF's legal clinics.Walk-in clients are seen on a first-come, first-served basis. Doors open at 4PM. If you arrive before the clinic closes, you will be seen.",,Free to eligible persons/entities,,
101806,24876,,Employment rights helpline for people with disabilities,,Direct representation,,,,,"Telephone

    Online

    EmailPlease send an email with your name, contact information, and a short description of your request. We do our best to respond as soon as possible, but guarantee that we will respond within 3 working days.Please leave a voicemail with your name, contact information, and a short description of your request. We do our best to return calls as soon as possible, but guarantee that we will return your call within 3 working days.Our Helpline questionnaire is available at the link below. Please download, complete it, and email it to us at employment@equipforequality.org. We do our best to respond as soon as possible, but guarantee that we will respond within 3 working days.",,Free to everyone,,
101146,25491,,Immigration help for Cook County residents outside of Chicago,,Direct representation,,,,,"Telephone

    Email

    Online through IllinoisLegalAid.orgOr you can email us to set an appointment.Please call to set an appointment.",,Flat fee regardless of income,,
100171,25491,,Free immigration help for Chicago residents,,Direct representation,,,,,"Telephone

    Email

    Online through IllinoisLegalAid.orgOr you can email us to set an appointment.Please call to set an appointment.",,Flat fee regardless of income,,
99161,25311,,Help for victims of crime in Cook County (VLAN),,Direct representation,,,,,"Telephone

    Online through IllinoisLegalAid.org",,Free to eligible persons/entities,,
97546,24441,,Civil Rights Team,,Direct representation,,,,,"Telephone

    Walk-in

    EmailConsumer sends an email.  Consumer leaves a message.  We respond within 24-48 hours.Consumer calls our legal intake line.  Consumer leaves a message.  We call back within 24-48 hours.We prefer to conduct intake over the phone.  If a consumer, without an appointment,  walks into our office, we may or may not be available to conduct an intake/interview.",,Free to everyone,,
95456,25031,,Illinois JusticeCorps,,Legal information and education (not a legal self-help center),,,,,"",,Free to everyone,,
94711,25851,,Social Security Benefits Legal Aid,,Direct representation,,,,,"Telephone

    Walk-inPlease call the Law Center to set up an intake appointment.When you arrive at the office for your intake appointment we will ask you a host of questions to get familiar with your case. Upon reviewing your intake at UPLC's weekly case review meeting, we will promptly determine if we can assist or not.",,Free to everyone,,
94706,25851,,Tenant-Landlord Legal Aid,,Direct representation,,,,,"Walk-inPlease call or visit the Law Center and ask to set up an appointment for an intake.First come, first served",,Free to everyone,,
93946,24916,,free legal help for people under arrest,,Direct representation,,,,,Telephone18005297374,,Free to everyone,,
93286,25181,,Low-cost legal services,,Direct representation,,,,,"Online

    Online through IllinoisLegalAid.orgClick the link below, read the instructions, and fill out the form.",,Flat fee regardless of income,,
92921,25291,,Free legal assistance to arts organizations,,Direct representation,,,,,OnlineWe serve artists and arts organizations of all kinds.  Please submit our online application. We will contact you by telephone within several days to discuss next steps.,,Sliding scale based on income,,
91721,91676,,Free legal information and forms in Cook County,,Legal self-help center,http://www.rollingmeadowscourt.us/,,,,"",,Free to everyone,,
91706,91676,,Free legal information and forms in Cook County,,Legal self-help center,http://www.cookcountycourt.org/ABOUTTHECOURT/MunicipalDepartment/SixthMunicipalDistrictMarkham.aspx,,,,"",,Free to everyone,,
91696,91676,,Free legal information and forms in Cook County,,Legal self-help center,http://www.thedaleycenter.com/,,,,"",,Free to everyone,,
91691,91676,,Free legal information and forms in Cook County,,Legal self-help center,https://www.kentlaw.iit.edu/institutes-centers/center-for-access-to-justice-and-technology/self-help-web-center,,,,"",,Free to everyone,,
91326,90256,,Free legal help in East St. Louis to low-income persons,,Direct representation,,,,,TelephonePlease call us to learn if you qualify for free legal help and to schedule an appointment.,,Free to eligible persons/entities,,
91161,24641,,Free legal help to victims of hate crimes,,Direct representation,,,,,"Telephone

    EmailSend an email describing your issue. Please include your contact information.Please call to speak with legal staff at the Hate Crimes Project.",,Free to everyone,,
91051,25241,,Free legal information and forms in Lake County,,Legal self-help center,http://deerfieldlibrary.org/,,,,"",,Free to everyone,,
90536,25791,,Peoria Peoria Friendship House,,Direct representation,,,,,TelephoneCall Monday or Wednesday 10-3.,,Sliding scale based on income,,
90346,25791,,Free and low-cost immigration help for people in the Champaign area,,Direct representation,,,,,"TelephoneTo get legal help, you must set up an intake appointment. Please call our office on Mondays or Wednesdays from 10 a.m. to 4 p.m.",,Sliding scale based on income,,
89636,25791,,Free and low-cost immigration help,,Direct representation,,,,,"TelephoneTo get legal help, you must set up an intake appointment. Please call our office on Mondays or Wednesdays from 10 a.m. to 4 p.m.",,Sliding scale based on income,,
89016,88956,,Free domestic violence legal services,,Direct representation,,,,,"Telephone

    EmailPlease email us to request an intake appointment.Please call us to make an intake appointment.",,Free to everyone,,
89006,88956,,"Free legal services in Highland Park, Highwood, and West Deerfield Township",,Direct representation,,,,,"Telephone

    EmailEmail us to request an appointment and provide us with your name, contact number, and the best time to reach you.  We will get back to you by the next business day.Please call to make an intake appointment.  Please feel free to leave a message and we will get back to you by the next business day.",,Free to eligible persons/entities,,
88501,25076,,Free pension legal assistance,,Direct representation,,,,,"Telephone

    OnlineCall our toll free line at 1-888-425-6067 to apply for assistance.  If we do not answer immediately, please leave a message.  We will get back to you within 2 business days.Click on the link below and fill out the form and submit it to request assistance. Someone will contact you by phone or email within 2 business days.",,Free to everyone,,
86981,24881,,Immigration legal services,,Direct representation,,,,,"Walk-inWalk-in consultations are every Tuesday at 8am and Saturday at 8:45am at 1347 W Erie St. Potential clients are seen on a first-come, first-served basis.",,Flat fee regardless of income,,
86921,25066,,LiveHelp program,,Legal information and education (not a legal self-help center),,,,,"",,Free to everyone,,
86836,25246,,Legal information and help for the LGBT and People Living with HIV communities,,Direct representation,,,,,"Telephone

    Online

    EmailPlease call out Help Desk at 312-663-4413 x 350.Go to http://www.lambdalegal.org/help/online-form",,Free to everyone,,
84526,25611,,Pro bono support for volunteers and legal aid programs,,"Policy, impact litigation, support or other",,,,,"",,Free to eligible persons/entities,,
84361,24576,,Advice desk - Tuesday night supper,,Direct representation,,,,,Walk-in,,Free to eligible persons/entities,,
84321,24576,,Legal assistance advice line,,Direct representation,,,,,TelephonePlease call to set up an appointment for us to verify your income and your eligibility for our services.,,Free to eligible persons/entities,,
83176,25286,,Helpline for renters living in foreclosed properties in Suburban Cook County,,Direct representation,,,,,"TelephoneLeave a message with your name, phone #, and address of the foreclosed property. We will call you back within 7 days, on average. If you received a summons to eviction court at the Daley Center, contact our eviction defense service (312-347-7600).",,Free to everyone,,
83171,25286,,Free legal help for Chicago renters,,Direct representation,,,,,"Telephone

    Online through IllinoisLegalAid.orgLeave a message with your name, phone #, and address of the property in foreclosure. We will return your call within 7 days, on average. Renters who have received a summons to eviction court should call our intake line (312) 347-7600.",,Free to eligible persons/entities,,
77276,25126,,Skokie Expungement Desk,,Direct representation,,,,,Walk-inWe recommend you arrive early to receive service.,,Free to everyone,,
77271,25126,,Free legal services for youth and families,,Direct representation,,,,,TelephoneContact us to request services and to go through intake by phone.  You may also call us to request an appointment for an in-person intake.,,Free to eligible persons/entities,,
76936,25086,,Illinois Lawyer Finder,,Lawyer referral service,,,,,"Telephone

    OnlinePlease call 800-922-8757 Monday through Friday from 9:00am - 2:00pm. We charge no referral fee, and our operators can put you in touch with a lawyer in your area who will provide an initial consultation for no more than $25 for 30 minutes.Search for a lawyer on our website 24/7.",,Free to everyone,,
68751,25781,,Lawyer Referral Service,,Lawyer referral service,,,,,"Telephone

    OnlineCall (312) 554-2001 to get a referral for a lawyer. If you meet with the lawyer we refer, the lawyer will collect $30 at the initial consultation (which goes towards the operating costs of our service).Search our website for a lawyer by area of law.",,Flat fee regardless of income,,
68426,24741,,Lawyer Referral Service,,Lawyer referral service,,,,,"TelephoneCall our office at 312-630-1157, Monday to Friday between 11am - 3pm for referrals to private lawyers.",,Free to everyone,,
68101,24836,,Lawyer Referral Service,,Lawyer referral service,,,,,"Telephone

    OnlineCall 630-653-9109 between 9:00am - 4:30pm Monday through Friday.Search our website to find a lawyer.",,Free to everyone,,
68096,25236,,Lawyer Referral Service,,Lawyer referral service,,,,,"Telephone

    OnlineCall our office for a private referral.Search for a lawyer in Lake County by area of law 24/7.",,Free to everyone,,
68091,25321,,Lawyer Referral Service,,Lawyer referral service,,,,,"",,Free to everyone,,
68086,25516,,Lawyer Referral Service,,Lawyer referral service,,,,,"Telephone

    OnlineCall us at 847-221-2681.Search our website for a lawyer to help you.",,Flat fee regardless of income,,
68081,25196,,Lawyer Referral Service,,Lawyer referral service,,,,,"Telephone

    OnlineCall us at (630) 762-1900.Use our website's 'Find a Lawyer' tool to search for a lawyer to help.",,Free to everyone,,
68076,25506,,Lawyer Referral Service,,Lawyer referral service,,,,,"",,Free to everyone,,
68071,25561,,Lawyer Referral Service,,Lawyer referral service,,,,,TelephonePlease call 309-674-1224 to ask for a lawyer referral.,,Free to everyone,,
68066,25741,,Lawyer Referral Service,,Lawyer referral service,,,,,"",,Free to everyone,,
68056,25911,,Lawyer Referral Service,,Lawyer referral service,,,,,OnlineUse our website to find a lawyer.,,Flat fee regardless of income,,
67401,25896,,Lawyer Referral Service,,Lawyer referral service,,,,,"",,Flat fee regardless of income,,
64196,25251,,Free legal help for seniors in Scott County,,Direct representation,,,,,TelephoneYou must speak to someone by phone or in-person to receive service.,,Free to everyone,,
64186,25251,,Free legal help for seniors in Sangamon County,,Direct representation,,,,,TelephoneYou must speak to someone by phone or in-person to receive service.  Please call our Sangamon office at (217) 529-8400 or (800) 252-8629 to make an appointment.,,Free to everyone,,
64176,25251,,Free legal help for seniors in Morgan County,,Direct representation,,,,,TelephoneYou must speak to someone by phone or in-person to receive service.,,Free to everyone,,
63846,25251,,Free legal help for seniors in Montgomery County,,Direct representation,,,,,TelephoneYou must speak to someone by phone or in-person to receive service.,,Free to everyone,,
63516,25251,,Free legal help for seniors in Menard County,,Direct representation,,,,,TelephoneYou must speak to someone by phone or in-person to receive service.,,Free to everyone,,
61876,25921,,Free legal information and forms in Williamson County,,Legal self-help center,,,,,"",,Free to everyone,,
61871,25921,,Free legal information and forms in Williamson County,,Legal self-help center,,,,,"",,Free to everyone,,
60891,24761,,Free legal information and forms in Crawford County,,Legal self-help center,,,,,"",,Free to everyone,,
54736,25251,,Free legal help for seniors in Mason County,,Direct representation,,,,,TelephoneYou must speak to someone by phone or in-person to receive service.,,Free to everyone,,
54726,25251,,Free legal help for seniors in Macoupin County,,Direct representation,,,,,TelephoneYou must speak to someone by phone or in-person to receive service.,,Free to everyone,,
54716,25251,,Free legal help for seniors in Logan County,,Direct representation,,,,,TelephoneYou must speak to someone by phone or in-person to receive service.,,Free to everyone,,
54696,25251,,Free legal help for seniors in Jersey County,,Direct representation,,,,,TelephoneYou must speak to someone by phone or in-person to receive service.,,Free to everyone,,
54681,25251,,Free legal help for seniors in Greene County,,Direct representation,,,,,TelephoneYou must speak to someone by phone or in-person to receive service.,,Free to everyone,,
54341,25251,,Free legal help for seniors in Christian County,,Direct representation,,,,,TelephoneYou must speak to someone by phone or in-person to receive service.,,Free to everyone,,
53951,24546,,Criminal records advice desk at Markham Courthouse,,Direct representation,,,,,"Walk-inHelp desk visitors are served on a first-come, first-served basis. We strongly recommend that people seeking assistance arrive at 8:30 AM.",,Free to everyone,,
53301,24876,,Special education helpline,,Direct representation,,,,,"Telephone

    OnlinePlease leave a message.  We will call you back within 3 business days.",,Free to everyone,,
53296,24876,,Free legal services to people with disabilities,,Direct representation,,,,,"Telephone

    OnlinePlease leave a message.  We will call you back within 3 business days.",,Free to everyone,,
52971,24851,,Free legal information and forms in Edwards County,,Legal self-help center,,,,,"",,Free to everyone,,
51961,25251,,Free legal help for seniors in Cass County,,Direct representation,,,,,TelephoneYou must speak to someone by phone or in-person to receive service.,,Free to everyone,,
51936,51926,,Free legal information and forms in DuPage County,,Legal self-help center,https://www.dupageco.org/lawlibrary/,,,,"",,Free to everyone,,
51911,24546,,Chicago legal advocacy for incarcerated mothers (CLAIM),,Direct representation,,,,,TelephonePlease call and follow the recorded instructions.  You may also call collect at 312-675-0911.,,Free to everyone,,
51906,25581,,Free legal information and forms in Piatt County,,Legal self-help center,,,,,"",,Free to everyone,,
51871,25221,,Free legal information and forms in Kendall County,,Legal self-help center,http://www.co.kendall.il.us/circuit-clerk/,,,,"",,Free to everyone,,
51846,24766,,Free legal information and forms in Cumberland County,,Legal self-help center,https://www.facebook.com/Sumpter-Township-Public-Library-182040942142723/,,,,"",,Free to everyone,,
51821,25581,,Free legal information and forms in Piatt  County,,Legal self-help center,https://www.facebook.com/BlueRidgeTwpPublicLibrary/,,,,"",,Free to everyone,,
51751,25581,,Free legal information and forms in Piatt County,,Legal self-help center,http://www.hopeweltylibrary.com/,,,,"",,Free to everyone,,
51731,25581,,Free legal information and forms in Piatt County,,Legal self-help center,http://www.ahlibrary.com/,,,,"",,Free to everyone,,
51721,25581,,Free legal information and forms in Piatt County,,Legal self-help center,http://monticellolibrary.org/,,,,"",,Free to everyone,,
51716,25726,,Free legal information and forms in Shelby County,,Legal self-help center,https://www.facebook.com/Moweaqua-Public-Library-1398954943724799/,,,,"",,Free to everyone,,
51706,25726,,Free legal information and forms in Shelby County,,Legal self-help center,http://drypointtownshiplibrary.org/Dry_Point_Township_Library/Home.html,,,,"",,Free to everyone,,
51671,25726,,Free legal information and forms in Shelby County,,Legal self-help center,https://www.facebook.com/pg/herricktownshiplibrary/about/?ref=page_internal,,,,"",,Free to everyone,,
51661,25726,,Free legal information and forms in Shelby County,,Legal self-help center,http://shelbyville.lib.il.us/,,,,"",,Free to everyone,,
51646,25696,,Free legal information and forms in Scott County,,Legal self-help center,https://www.facebook.com/Winchester-Public-Library-111755365528686/,,,,"",,Free to everyone,,
51616,25676,,Free legal information and forms in Saline County,,Legal self-help center,http://www.eldoradomemoriallibrary.com/,,,,"",,Free to everyone,,
51596,25676,,Free legal information and forms in Saline  County,,Legal self-help center,http://www.harrisburglibrary.org/,,,,"",,Free to everyone,,
51586,25661,,Free legal information and forms in Rock Island County,,Legal self-help center,http://www.rockislandcounty.org/Home.aspx,,,,"",,Free to everyone,,
51576,25656,,Free legal information and forms in Richland County,,Legal self-help center,http://olneypubliclibrary.org/,,,,"",,Free to everyone,,
51561,25641,,Free legal information and forms in Randolph County,,Legal self-help center,http://www.chesterpubliclibrary.com/,,,,"",,Free to everyone,,
51556,25631,,Free legal information and forms in Putnam County,,Legal self-help center,http://www.co.putnam.il.us/,,,,"",,Free to everyone,,
51551,25626,,Free legal information and forms in Pulaski County,,Legal self-help center,https://www.facebook.com/Mounds-Public-Library-1456307834672359/timeline,,,,"",,Free to everyone,,
51546,25591,,Free legal information and forms in Pope County,,Legal self-help center,http://golcondapubliclibrary.tripod.com/index.html,,,,"",,Free to everyone,,
51536,25571,,Free legal information and forms in Perry County,,Legal self-help center,http://duquoinlibrary.org/,,,,"",,Free to everyone,,
51526,25571,,Free legal information and forms in Perry County,,Legal self-help center,http://pinckneyvillelibrary.com/,,,,"",,Free to everyone,,
51521,25566,,Free legal information and forms in Peoria County,,Legal self-help center,http://10thcircuitcourtil.org/175/Self-Help-Information,,,,"",,Free to everyone,,
51516,25541,,Free legal information and forms in Ogle County,,Legal self-help center,http://oglecounty.org/,,,,"",,Free to everyone,,
51511,25481,,Free legal information and forms in Moultrie County,,Legal self-help center,http://www.lovingtonpld.us,,,,"",,Free to everyone,,
51501,25481,,Free legal information and forms in Moultrie County,,Legal self-help center,http://marrowbonepld.com/,,,,"",,Free to everyone,,
51491,25481,,Free legal information and forms in Moultrie County,,Legal self-help center,http://www.arthurlibrary.org/,,,,"",,Free to everyone,,
51476,25476,,Free legal information and forms in Morgan County,,Legal self-help center,http://www.jaxpl.org/,,,,"",,Free to everyone,,
51466,25471,,Free legal information and forms in Montgomery County,,Legal self-help center,http://www.doylepubliclibrary.org/,,,,"",,Free to everyone,,
51456,25471,,Free legal information and forms in Montgomery County,,Legal self-help center,http://www.montgomerycountymd.gov/circuitcourt/court/lawlibrary/lawlibrary.html,,,,"",,Free to everyone,,
51451,25471,,Free legal information and forms in Montgomery County,,Legal self-help center,http://www.litchfieldpubliclibrary.org/,,,,"",,Free to everyone,,
51431,25471,,Free legal information and forms in Montgomery County,,Legal self-help center,http://www.montgomerycountymd.gov/circuitcourt/court/lawlibrary/lawlibrary.html,,,,"",,Free to everyone,,
51426,25436,,Free legal information and forms in McLean County,,Legal self-help center,http://mcleancountyil.gov/,,,,"",,Free to everyone,,
51421,25431,,Free legal information and forms in McHenry County,,Legal self-help center,https://www.co.mchenry.il.us/home,,,,"",,Free to everyone,,
51416,25426,,Free legal information and forms in McDonough County,,Legal self-help center,http://wiu.edu/libraries/info/malpassLibrary.php,,,,"",,Free to everyone,,
51401,25426,,Free legal information and forms in McDonough County,,Legal self-help center,,,,,"",,Free to everyone,,
51371,25426,,Free legal information and forms in McDonough County,,Legal self-help center,https://www.facebook.com/Blandinsville-Hire-District-Library-193826953981737/,,,,"",,Free to everyone,,
51361,25426,,Free legal information and forms in McDonough County,,Legal self-help center,http://www.macomb.lib.il.us/,,,,"",,Free to everyone,,
51356,25421,,Free legal information and forms in Massac County,,Legal self-help center,http://www.metropolispubliclibrary.com/,,,,"",,Free to everyone,,
51351,25416,,Free legal information and forms in Mason County,,Legal self-help center,http://www.havana.lib.il.us/,,,,"",,Free to everyone,,
51346,25411,,Free legal information and forms in Marshall County,,Legal self-help center,https://laconlibrary.wordpress.com/,,,,"",,Free to everyone,,
51341,25401,,Free legal information and forms in Marion County,,Legal self-help center,,,,,"",,Free to everyone,,
51331,25401,,Free legal information and forms in Marion County,,Legal self-help center,http://www.centralialibrary.org/,,,,"",,Free to everyone,,
51321,25401,,Free legal information and forms in Marion County,,Legal self-help center,http://www.salembbl.lib.il.us/,,,,"",,Free to everyone,,
51316,25391,,Free legal information and forms in Madison County,,Legal self-help center,http://www.co.madison.il.us/,,,,"",,Free to everyone,,
51306,25386,,Free legal information and forms in Macoupin County,,Legal self-help center,http://www.carlinvillelibrary.org/,,,,"",,Free to everyone,,
51301,25381,,Free legal information and forms in Macon County,,Legal self-help center,http://cclerk.co.macon.il.us/Home.aspx,,,,"",,Free to everyone,,
51291,25341,,Free legal information and forms in Logan County,,Legal self-help center,http://www.mtpulaskiil.com/mtpulaskiilWEBsite/library/libraryp1.htm,,,,"",,Free to everyone,,
51281,25341,,Free legal information and forms in Logan County,,Legal self-help center,http://www.lincolnpubliclibrary.org/,,,,"",,Free to everyone,,
51276,25596,,Wheaton Office - Legal help for seniors,,Direct representation,,,,,"Telephone

    Online through IllinoisLegalAid.org",,Free to everyone,,
51271,25331,,Free legal information and forms in Livingston County,,Legal self-help center,http://www.dominymemoriallibrary.org/,,,,"",,Free to everyone,,
51261,25596,,Wheaton Office - Legal help for people affected by HIV/AIDS,,Direct representation,,,,,"Telephone

    Online through IllinoisLegalAid.org",,Free to eligible persons/entities,,
51256,25596,,Wheaton Office - Legal help for homelessness issues,,Direct representation,,,,,"Telephone

    Online through IllinoisLegalAid.org",,Free to everyone,,
51251,25331,,Free legal information and forms in Livingston County,,Legal self-help center,http://www.odelllibrary.com/,,,,"",,Free to everyone,,
51241,25331,,Free legal information and forms in Livingston County,,Legal self-help center,http://www.pontiac.org/index.aspx?nid=505,,,,"",,Free to everyone,,
51236,25301,,Free legal information and forms in Lee County,,Legal self-help center,http://www.leecountyil.com/,,,,"",,Free to everyone,,
51226,25301,,Free legal information and forms in Lee County,,Legal self-help center,http://www.discoverdixon.org/library.html,,,,"",,Free to everyone,,
51196,25221,,Free legal information and forms in Kendall County,,Legal self-help center,http://www.cbplib.us/,,,,"",,Free to everyone,,
51181,25221,,Free legal information and forms in Kendall County,,Legal self-help center,http://www.planolibrary.info/,,,,"",,Free to everyone,,
51156,25221,,Free legal information and forms in Kendall County,,Legal self-help center,http://www.oswego.lib.il.us/,,,,"",,Free to everyone,,
51136,25221,,Free legal information and forms in Kendall County,,Legal self-help center,http://www.yorkville.lib.il.us/,,,,"",,Free to everyone,,
51081,25746,,Legal information and forms in St. Clair County,,Legal self-help center,http://www.circuitclerk.co.st-clair.il.us/Pages/default.aspx,,,,"",,Free to everyone,,
51036,25281,,Free legal information and forms in Lawrence County,,Legal self-help center,http://www.lawpubliclibrary.org/,,,,"",,Free to everyone,,
50981,25256,,Free legal information and forms in LaSalle County,,Legal self-help center,http://lasallecounty.com/,,,,"",,Free to everyone,,
50931,25241,,Free legal information and forms in Lake County,,Legal self-help center,http://www.19thcircuitcourt.state.il.us/1259/Law-Library,,,,"",,Free to everyone,,
50861,25226,,Free legal information and forms in Knox  County,,Legal self-help center,http://galesburglibrary.org/,,,,"",,Free to everyone,,
50781,25216,,Free legal information and forms in Kankakee County,,Legal self-help center,http://www.co.kankakee.il.us/,,,,"",,Free to everyone,,
50661,25751,,Free legal information and forms in Stark County,,Legal self-help center,http://www.toulonpld.org/,,,,"",,Free to everyone,,
50631,25756,,Free legal information and forms in Stephenson County,,Legal self-help center,http://www.freeportpubliclibrary.org/,,,,"",,Free to everyone,,
50616,25856,,Free legal information and forms for Vermilion County,,Legal self-help center,http://hooplib.org/,,,,"",,Free to everyone,,
50456,25856,,Free legal information and forms for Vermilion County,,Legal self-help center,http://www.danville.lib.il.us/index.html,,,,"",,Free to everyone,,
50351,25796,,Small business solution station,,Direct representation,,,,,"Walk-inCall for initial screening before completing the application available at: http://www.thelawproject.org/Apply/.  A $35 application fee is required.Walk-ins are seen on a first-come, first-served basis.",,Free to everyone,,
50346,25796,,Employer hotline,,Direct representation,,,,,"EmailTo schedule an appointment, fill out the intake form at https://www.clccrul.org/community-law-project#employer-banner or email Jody at jadler@clccrul.org.",,Free to everyone,,
50316,25796,,Legal services for small businesses,,Direct representation,,,,,TelephoneCall for initial screening before completing the application available at: https://www.clccrul.org/get-help-from-clp.  A $35 application fee is required.,,Free to eligible persons/entities,,
50306,25201,,Free legal information and forms in Kane County,,Legal self-help center,http://www.kclawlibrary.org/,,,,"",,Free to everyone,,
50281,25171,,Free legal information and forms in Johnson County,,Legal self-help center,,,,,"",,Free to everyone,,
50241,25146,,Free legal information and forms in Jo Daviess County,,Legal self-help center,http://www.galenalibrary.org/online/,,,,"",,Free to everyone,,
50226,25141,,Free legal information and forms in Jersey County,,Legal self-help center,http://www.jerseyvillelibrary.org/,,,,"",,Free to everyone,,
50206,25136,,Free legal information and forms in Jefferson County,,Legal self-help center,http://mtvbrehm.org/,,,,"",,Free to everyone,,
50156,25796,,Legal services for nonprofits,,Direct representation,,,,,"TelephoneCall for initial screening before completing the application, available at: https://www.clccrul.org/get-help-from-clp.  An application fee is required; the amount is based on the size of your organization's budget.",,Free to everyone,,
49961,24886,,Spanish intake line for people being investigated by DCFS,,Direct representation,,,,,TelephoneCall 312-251-9800 ext. 14 on Monday or Thursday from 9:00 to 5:00 to leave a message.  We will return your call within 24 to 48 hours.,,Sliding scale based on income,,
49956,24886,,Expedited intake line for people being investigated by DCFS,,Direct representation,,,,,TelephoneCall 312-251-9800 ext. 19 Monday through Friday from 9:00 to 5:00 to leave a message.  We will return your call within 24 to 48 hours.,,Sliding scale based on income,,
49951,24886,,Legal advice for people being investigated by DCFS,,Direct representation,,,,,TelephoneCall 312-251-9800 ext. 18 on Monday or Thursday from 9:00 to 5:00 to leave a message.  We will return your call within 24 to 48 hours.,,Sliding scale based on income,,
49946,24886,,Legal services for people being investigated by DCFS,,Direct representation,,,,,TelephoneCall 312-251-9800 ext. 18 on Monday or Thursday from 9:00 to 5:00 to leave a message.  We will return your call within 24 to 48 hours.,,Sliding scale based on income,,
49941,25871,,Free legal information and forms in Wabash County,,Legal self-help center,http://mtcarmelpubliclibrary.weebly.com/,,,,"",,Free to everyone,,
49936,25876,,Free legal information and forms in Warren County,,Legal self-help center,http://www.wcplibrary.org/,,,,"",,Free to everyone,,
49931,25901,,Free legal information and forms in White County,,Legal self-help center,https://www.facebook.com/Norris-City-Memorial-Public-Library-856118431092133/,,,,"",,Free to everyone,,
49921,25901,,Free legal information and forms in White County,,Legal self-help center,http://www.cityofcarmi.org/carmi-public-library/,,,,"",,Free to everyone,,
49916,25906,,Free legal information and forms in Whiteside County,,Legal self-help center,http://www.youseemore.com/sterling/default.asp,,,,"",,Free to everyone,,
49906,25906,,Free legal information and forms in Whiteside County,,Legal self-help center,http://odellpubliclibrary.com/wp/,,,,"",,Free to everyone,,
49901,24656,,Visitation at Old Saint Mary's Church,,Direct representation,,,,,TelephonePlease call for an appointment.,,Free to eligible persons/entities,,
49891,24656,,Trinity United Church of Christ legal clinic,,Direct representation,,,,,Walk-in,,Free to eligible persons/entities,,
49881,24656,,Tressler LLP legal clinic at First Congregational Church of LaGrange,,Direct representation,,,,,Walk-in,,Free to eligible persons/entities,,
49871,24656,,Tressler LLP/Saint Malachy + Precious Blood Church legal clinic,,Direct representation,,,,,TelephonePlease call Juanita at 312-773-1068 ext. 321 for an appointment.,,Free to eligible persons/entities,,
49861,24656,,ThunderDome Divorce Clinic,,Direct representation,,,,,TelephoneClinic dates and times vary. Please call for more details and to make an appointment.,,Free to eligible persons/entities,,
49816,24656,,Southeast legal clinic,,Direct representation,,,,,TelephonePlease call Marva at 773-846-6100 for an appointment.,,Free to eligible persons/entities,,
49771,24656,,South Asian legal clinic,,Direct representation,,,,,TelephonePlease call for an appointment.,,Free to eligible persons/entities,,
49741,24656,,Sidley Austin/Salvation Army legal clinic,,Direct representation,,,,,TelephonePlease call for an appointment.,,Free to eligible persons/entities,,
49726,24656,,Schiff Hardin / How Inc. legal clinic,,Direct representation,,,,,Walk-inSign-ups for interviews begin at 5:00 PM every second and fourth Tuesday of every month.  Interviews start at 6:00 PM.,,Free to eligible persons/entities,,
49646,24656,,Our Lady of Mercy/Saint Clements Church legal clinic,,Direct representation,,,,,TelephonePlease call for an appointment.,,Free to eligible persons/entities,,
49636,24656,,Old Saint Pat's/Saint Agatha legal clinic,,Direct representation,,,,,"Telephone

    Walk-inPlease call for an appointment.Walk-ins are seen on a first-come, first-served basis. It is best to set an appointment.",,Free to eligible persons/entities,,
49626,24656,,Locke Lord/Saint Procopius Church legal clinic,,Direct representation,,,,,TelephonePlease call Sylvia Juarez at 312-226-7887 for an appointment.,,Free to eligible persons/entities,,
49591,24656,,Legal Prep Academy legal services,,Direct representation,,,,,TelephonePlease call for an appointment.,,Free to eligible persons/entities,,
49416,25931,,Free legal information and forms for Woodford County,,Legal self-help center,http://ipdpl.org/,,,,"",,Free to everyone,,
49411,25931,,Free legal information and forms for Woodford County,,Legal self-help center,http://www.elpasopubliclibrary.net/,,,,"",,Free to everyone,,
49396,25931,,Free legal information and forms in Woodford County,,Legal self-help center,http://www.eurekapl.org/,,,,"",,Free to everyone,,
49391,24656,,K&L Gates / Saint Peter's Church legal clinic,,Direct representation,,,,,TelephonePlease call for an appointment.,,Free to eligible persons/entities,,
49381,24656,,JUF/JCLS community legal services,,Direct representation,,,,,TelephonePlease call for an appointment.,,Free to eligible persons/entities,,
49371,24656,,Housing Forward/Saint John's Lutheran Church legal clinic,,Direct representation,,,,,Walk-in,,Free to eligible persons/entities,,
49361,24656,,Hellenic legal assistance services,,Direct representation,,,,,"Telephone

    Walk-inPlease call Sophia at 773-631-0883 for an appointment.Walk-ins are seen on a first-come, first-served basis. It is better to set an appointment if you can.",,Free to eligible persons/entities,,
49351,24656,,Drinker Biddle and Reath at Erie Community Center,,Direct representation,,,,,TelephonePlease call Lucero Cervantes at 312-432-2282 for an appointment.,,Free to eligible persons/entities,,
49341,24656,,Chinatown pro bono legal clinic,,Direct representation,,,,,Walk-in,,Free to eligible persons/entities,,
49336,24656,,The Ark legal clinic,,Direct representation,,,,,TelephonePlease call for an appointment.,,Free to eligible persons/entities,,
49326,24656,,APNA GHAR family law clinic,,Direct representation,,,,,TelephonePlease call for an appointment.,,Free to eligible persons/entities,,
49316,24656,,Jane Addams legal clinic,,Direct representation,,,,,TelephonePlease call for an appointment.,,Free to eligible persons/entities,,
49311,24656,,Barnes and Thornburg legal clinic,,Direct representation,,,,,TelephonePlease call for an appointment.,,Free to eligible persons/entities,,
49306,24656,,American immigration lawyers association,,Direct representation,,,,,TelephonePlease call for an appointment.,,Free to eligible persons/entities,,
38506,24646,,Foreclosure defense hotline,,Direct representation,,,,,TelephoneCall for help.  You must speak to someone by phone to get service.,,Free to everyone,,
38496,24646,,Domestic violence program - downtown,,Direct representation,,,,,TelephonePlease call to set an appointment. You must speak to someone by phone to get service.,,Free to everyone,,
38491,24646,,Domestic violence program - South Chicago,,Direct representation,,,,,TelephonePlease call to set an appointment. You must speak to someone by phone to get service.,,Free to everyone,,
38486,24646,,Domestic violence program - Pilsen,,Direct representation,,,,,TelephonePlease call to set an appointment. You must speak to someone by phone to get service.,,Free to everyone,,
38481,24646,,Domestic violence program - Austin,,Direct representation,,,,,TelephonePlease call to set an appointment. You must speak to someone by phone to get service.,,Free to everyone,,
38476,24646,,Legal advocates for people with disabilities,,Direct representation,,,,,TelephoneYou must speak to someone by phone to receive service.,,Sliding scale based on income,,
38471,24646,,Legal advocates for seniors,,Direct representation,,,,,TelephoneYou must speak to someone by phone to receive service.,,Sliding scale based on income,,
38466,24646,,Legal advocates for consumers in debt,,Direct representation,,,,,TelephoneYou must speak to someone by phone to receive service.,,Sliding scale based on income,,
38461,24646,,Environmental law program,,Direct representation,,,,,TelephonePlease call to set an appointment. You must speak to someone by phone to get service.,,Sliding scale based on income,,
38446,25131,,Free legal information and forms in Jasper County,,Legal self-help center,http://www.newtonpl.com/,,,,"",,Free to everyone,,
38396,25121,,Free legal information and forms in Jackson County,,Legal self-help center,http://www.law.siu.edu/lawlib/info/faqs.html#selfhelp,,,,"",,Free to everyone,,
38291,25121,,Free legal information and forms in Jackson County,,Legal self-help center,http://carbondalepubliclibrary.org/,,,,"",,Free to everyone,,
37816,25011,,Free legal information and forms in Henry County,,Legal self-help center,http://www.kewaneelibrary.org/,,,,"",,Free to everyone,,
37736,25011,,Free legal information and forms in Henry County,,Legal self-help center,https://www.facebook.com/cambridgeillibrary/,,,,"",,Free to everyone,,
37711,25006,,Free legal information and forms in Henderson County,,Legal self-help center,http://www.hendersoncolibrary.com/,,,,"",,Free to everyone,,
37651,24831,,Free legal help for Chapter 7 bankruptcies in DuPage County,,Direct representation,,,,,TelephoneCall to speak to the intake coordinator. The coordinator will ask you some questions and will send you an application to fill out.,,Free to eligible persons/entities,,
37636,24831,,Free legal help for family issues in DuPage County,,Direct representation,,,,,TelephoneCall to speak to the intake coordinator. The coordinator will ask you some questions and will send you an application to fill out.,,Free to eligible persons/entities,,
37436,24641,,Free legal services to people with civil rights problems in Illinois,,Direct representation,,,,,"TelephonePlease call and leave a message with your name, legal problem and phone number. Your call will be returned as soon as possible.",,Free to everyone,,
37366,24921,,Free legal information and forms in Ford County,,Legal self-help center,http://www.pipercitylibrary.lib.il.us/,,,,"",,Free to everyone,,
37356,24921,,Free legal information and forms in Ford County,,Legal self-help center,http://melvinpubliclibrary.blogspot.com/,,,,"",,Free to everyone,,
37346,24921,,Free legal information and forms in Ford County,,Legal self-help center,http://www.moyer.lib.il.us/,,,,"",,Free to everyone,,
37336,24921,,Free legal information and forms in Ford County,,Legal self-help center,http://paxtonlibrary.blogspot.com/,,,,"",,Free to everyone,,
37331,24906,,Free legal information and forms in Fayette County,,Legal self-help center,http://evanspubliclibrary.org/,,,,"",,Free to everyone,,
37321,24861,,Free legal information and forms in Effingham County,,Legal self-help center,http://www.effinghamlibrary.org/,,,,"",,Free to everyone,,
37316,24851,,Free legal information and forms in Edwards County,,Legal self-help center,http://www.albion.lib.il.us/,,,,"",,Free to everyone,,
37291,24846,,Free legal information and forms in Edgar County,,Legal self-help center,http://parispubliclibrary.org/,,,,"",,Free to everyone,,
37281,24821,,Free legal information and forms in Douglas County,,Legal self-help center,http://www.newmanregionallibrary.org/home,,,,"",,Free to everyone,,
37271,24821,,Free legal information and forms in Douglas County,,Legal self-help center,http://www.arcola.lib.il.us/,,,,"",,Free to everyone,,
37261,24821,,Free legal information and forms in Douglas County,,Legal self-help center,http://www.tuscolalibrary.org/,,,,"",,Free to everyone,,
37111,24586,,Free mediation in civil legal matters,,Direct representation,,,,,TelephoneCall to leave a message for a case manager. Tell them you saw this posting on IllinoisLegalAid.org. Your call will be returned by the end of next business day.,,Free to everyone,,
36856,24786,,Free legal information and forms in Dekalb County,,Legal self-help center,http://www.genoalibrary.org/,,,,"",,Free to everyone,,
36796,24786,,Free legal information and forms in Dekalb County,,Legal self-help center,http://www.cortlandlibrary.com/index.html,,,,"",,Free to everyone,,
36776,24786,,Free legal information and forms in Dekalb County,,Legal self-help center,https://dkpl.org/,,,,"",,Free to everyone,,
36751,24786,,Free legal information and forms in Dekalb County,,Legal self-help center,http://www.sycamorelibrary.org/,,,,"",,Free to everyone,,
36731,24786,,Free legal information and forms in Dekalb County,,Legal self-help center,http://www.circuitclerk.org/,,,,"",,Free to everyone,,
36721,24951,,Free legal information and forms for Grundy County,,Legal self-help center,http://www.ccpld.org/,,,,"",,Free to everyone,,
36711,24766,,Free legal information and forms in Cumberland County,,Legal self-help center,http://www.greenup.lib.il.us/,,,,"",,Free to everyone,,
36706,24766,,Free legal information and forms in Cumberland County,,Legal self-help center,http://www.neoga.lib.il.us/,,,,"",,Free to everyone,,
36691,24761,,Free legal information and forms in Crawford County,,Legal self-help center,https://www.palestinepubliclibrary.org/home.html,,,,"",,Free to everyone,,
36636,24761,,Free legal information and forms in Crawford County,,Legal self-help center,http://www.robinson.lib.il.us/branches/hutsonville-public-library.html,,,,"",,Free to everyone,,
36571,24951,,Free legal information and forms in Grundy County,,Legal self-help center,http://www.morrislibrary.com/index.html,,,,"",,Free to everyone,,
36566,25836,,Free legal information and forms in Union County,,Legal self-help center,http://stinsonlibrary.org/,,,,"",,Free to everyone,,
36556,25886,,Free legal information and forms in Wayne County,,Legal self-help center,http://www.fairfieldlibrary.org/Home_Page.php,,,,"",,Free to everyone,,
36551,25441,,Free legal information and forms in Menard County,,Legal self-help center,http://athenslibrary.weebly.com/,,,,"",,Free to everyone,,
36541,25441,,Free legal information and forms in Menard County,,Legal self-help center,http://petersburgil.org/library.htm,,,,"",,Free to everyone,,
36536,25916,,Free legal information and forms in Will County,,Legal self-help center,http://jolietlibrary.org/,,,,"",,Free to everyone,,
36526,25916,,Free legal information and forms in Will County,,Legal self-help center,http://judges.willcountyillinois.com/For-Citizens/Legal-Self-Help-Center,,,,"",,Free to everyone,,
36516,24936,,Free legal information and forms in Fulton County,,Legal self-help center,http://www.farmingtonpublic.org/,,,,"",,Free to everyone,,
36506,24936,,Free legal information and forms in Fulton County,,Legal self-help center,http://www.cubaspoonriverlibrary.org/,,,,"",,Free to everyone,,
36451,24936,,Free legal information and forms in Fulton County,,Legal self-help center,http://www.parliningersoll.org/,,,,"",,Free to everyone,,
36441,24936,,Free legal information and forms in Fulton County,,Legal self-help center,http://www.fultonco.org/officials/elected/fulton-county-circuit-clerk-2/,,,,"",,Free to everyone,,
36436,24926,,Free legal information and forms in Franklin County,,Legal self-help center,http://westfrankfortpubliclibrary.org/,,,,"",,Free to everyone,,
36426,24926,,Free legal information and forms in Franklin County,,Legal self-help center,http://www.bentonlibrary.com/,,,,"",,Free to everyone,,
36421,24761,,Free legal information and forms in Crawford County,,Legal self-help center,,,,,"",,Free to everyone,,
36416,24761,,Free legal information and forms in Crawford County,,Legal self-help center,,,,,"",,Free to everyone,,
36376,24946,,Free legal information and forms in Greene County,,Legal self-help center,,,,,"",,Free to everyone,,
36371,25586,,Free legal information and forms in Pike County,,Legal self-help center,http://www.pittsfieldpubliclibrary.com/,,,,"",,Free to everyone,,
36361,24991,,Free legal information and forms in Hardin County,,Legal self-help center,,,,,"",,Free to everyone,,
36356,24981,,Free legal information and forms in Hancock County,,Legal self-help center,,,,,"",,Free to everyone,,
36351,24976,,Free legal information and forms in Hamilton County,,Legal self-help center,,,,,"",,Free to everyone,,
36346,24941,,Free legal information and forms in Gallatin County,,Legal self-help center,,,,,"",,Free to everyone,,
36341,24796,,Free legal information and forms in DeWitt County,,Legal self-help center,,,,,"",,Free to everyone,,
36336,24611,,Free legal information and forms in Champaign County,,Legal self-help center,,,,,"",,Free to everyone,,
36331,24566,,Free legal information and forms in Carroll County,,Legal self-help center,,,,,"",,Free to everyone,,
36326,24556,,Free legal information and forms in Calhoun County,,Legal self-help center,,,,,"",,Free to everyone,,
36186,24721,,Free legal information and forms in Coles County,,Legal self-help center,http://charlestonlibrary.org/,,,,"",,Free to everyone,,
36181,25231,,Comprehensive legal assistance for survivors project (CLASP) - North,,Direct representation,,,,,"Telephone

    Walk-inPlease call and leave a message to schedule an in-person intake appointment. Calls are confidential and will be returned. Intake location is flexible.Walk-ins are OK, but office hours may vary.",,Free to everyone,,
36176,24716,,Free legal information and forms in Clinton County,,Legal self-help center,http://breeselibrary.org/,,,,"",,Free to everyone,,
36161,24716,,Free legal information and forms in Clinton County,,Legal self-help center,,,,,"",,Free to everyone,,
36151,24716,,Free legal information and forms in Clinton County,,Legal self-help center,,,,,"",,Free to everyone,,
36141,24716,,Free legal information and forms in Clinton County,,Legal self-help center,,,,,"",,Free to everyone,,
36116,24716,,Free legal information and forms in Clinton County,,Legal self-help center,,,,,"",,Free to everyone,,
36096,24711,,Free legal information and forms in Clay County,,Legal self-help center,,,,,"",,Free to everyone,,
36006,24706,,Free legal information and forms in Clark County,,Legal self-help center,,,,,"",,Free to everyone,,
36001,24546,,Legal help for people negatively affected by the criminal legal system,,Direct representation,,,,,TelephonePlease call and follow the recorded instructions. We charge a $20 intake fee for all intake appointments.,,Free to eligible persons/entities,,
35081,24531,,Free legal information and forms in Bureau County,,Legal self-help center,,,,,"",,Free to everyone,,
35076,24631,,School fee waiver project,,Direct representation,,,,,TelephoneIntake is usually done by phone but we can schedule an in-person appointment if needed.,,Free to eligible persons/entities,,
35071,24521,,Free legal information and forms in Boone County,,Legal self-help center,,,,,"",,Free to everyone,,
35066,24631,,Youth futures mobile legal clinic,,Direct representation,,,,,TelephoneIntake is usually done by phone but we can schedule an in-person appointment if needed.Intake is usually done by phone but we can schedule an in-person appointment if needed.,,Free to eligible persons/entities,,
34991,25466,,Free legal information and forms in Monroe County,,Legal self-help center,,,,,"",,Free to everyone,,
34981,25466,,Free legal information and forms in Monroe County,,Legal self-help center,,,,,"",,Free to everyone,,
34976,25446,,Free legal information and forms in Mercer County,,Legal self-help center,,,,,"",,Free to everyone,,
34966,25446,,Free legal information and forms in Mercer County,,Legal self-help center,,,,,"",,Free to everyone,,
34961,24686,,Free legal information and forms in Christian County,,Legal self-help center,,,,,"",,Free to everyone,,
34951,24686,,Free legal information and forms in Christian County,,Legal self-help center,,,,,"",,Free to everyone,,
34926,24516,,Free legal information and forms in Bond County,,Legal self-help center,,,,,"",,Free to everyone,,
34916,24516,,Free legal information and forms in Bond County,,Legal self-help center,,,,,"",,Free to everyone,,
34901,24461,,Free legal help to people in DuPage and Kane Counties,,Direct representation,,,,,"TelephoneCall our office to set an appointment. We will ask you to pay a one-time administrative fee of $20 when you arrive for your first appointment (check, cash or money order).Please call our office to set an appointment. We will ask you to pay a one-time administrative fee of $20 when you arrive for your first appointment (check, cash or money order).",,Free to eligible persons/entities,,
34001,24646,,Municipal Advice Desk Referral Project,,Direct representation,,,,,"Walk-inReceive an assessment and referral for service only through the CARPLS Municipal Help Desk, located on Concourse Level 16 of the Richard J. Daley Center, 50 West Washington, Chicago.",,Free to everyone,,
33961,24646,,Civil legal help in downtown Chicago,,Direct representation,,,,,TelephonePlease call to make an appointment. You must speak to someone by phone to get help.,,Sliding scale based on income,,
33956,24646,,Legal Help in Austin Neighborhood,,Direct representation,,,,,TelephonePlease call to make appointment. You must speak to someone by phone to get help.,,Sliding scale based on income,,
33941,24646,,Legal Help in Pilsen Neighborhood,,Direct representation,,,,,TelephonePlease call to make appointment. You must speak to someone by phone to get help.,,Sliding scale based on income,,
33926,24646,,Foreclosure Advice Desk,,Direct representation,,,,,"Walk-inCome to the help desk, located on Concourse Level 16 of the Richard J Daley Center. People will be helped on a first come, first served basis.",,Free to everyone,,
33921,24646,,Markham Courthose collection defense advice desk,,Direct representation,,,,,"Walk-inThe help desk is located in on the second floor - Room 201I of the Markham Courthouse. Individuals are helped on a first come, first served basis.",,Free to everyone,,
33916,24646,,Parentage and Child Support Pro Se Advice Desk,,Direct representation,,,,,"Walk-inCome to the help desk located on Concourse Level 24 of Richard J. Daley Center. People will be helped on a first come, first served basis.",,Free to everyone,,
33901,24646,,Foreclosure Program Courtroom Assistance,,Direct representation,,,,,"Walk-inMust come to 28th floor of the Richard J Daley Center. People are helped on a first come, first served basis.",,Free to everyone,,
33896,24646,,Blank Slate Records Project,,Direct representation,,,,,TelephoneCall to make an appointment. You must speak to someone by phone to receive service.,,Sliding scale based on income,,
33881,25771,,Free legal information and forms in Tazewell County,,Legal self-help center,,,,,"",,Free to everyone,,
33876,25881,,Free legal information and forms in Washington County,,Legal self-help center,,,,,"",,Free to everyone,,
33871,25921,,Free legal information and forms in Williamson County,,Legal self-help center,,,,,"",,Free to everyone,,
33851,24646,,Legal help in South Chicago,,Direct representation,,,,,TelephonePlease call to make an appointment. You must speak to someone by phone to get help.,,Sliding scale based on income,,
32796,25231,,Suburban long term care ombudsman,,Direct representation,,,,,TelephonePlease call to apply and to speak to an ombudsman. Leave a message if we do not answer your call. We will return all calls during normal business hours.,,Free to everyone,,
32201,24811,,The Independence Project,,Direct representation,,,,,TelephonePlease call our main line to fill out an application. A consultation with an attorney may be scheduled to determine how our office can help you. This project only helps people with family law cases at the Daley Center (located at 50 W Washington St).,,Free to eligible persons/entities,,
32191,24811,,Family Law Division,,Direct representation,,,,,TelephonePlease call our main line for an application. A follow-up consultation with an attorney may be scheduled later to determine how our office can help you.,,Free to eligible persons/entities,,
32186,24811,,Order of Protection Clinic,,Direct representation,,,,,Walk-inIntake is open until 1:30 PM or until we can no longer accept any more cases for the day.  It is best to arrive early.  The Clinic only helps people with Order of Protection cases filed at the Domestic Violence Courthouse at 555 West Harrison.,,Free to everyone,,
32166,25926,,Free legal information and forms in Winnebago County,,Legal self-help center,,,,,"",,Free to everyone,,
31751,25491,,Legal help for immigration in Lake County,,Direct representation,,,,,"Telephone

    EmailOr email us to set an appointment.To set an appointment, please call. Appointments occur on the 3rd Monday of the month.",,Sliding scale based on income,,
31741,25491,,Legal help for immigration in Indiana,,Direct representation,,,,,"Telephone

    EmailOr email us to set an appointment.Please call to set an appointment.",,Sliding scale based on income,,
31706,25491,,Help for unaccompanied immigrant children,,Direct representation,,,,,TelephonePlease call on Thursday from 2:00 PM to 4:30 PM.,,Flat fee regardless of income,,
31686,25491,,Help for asylum seekers,,Direct representation,,,,,"Telephone

    Online through IllinoisLegalAid.orgCall Thursdays from 9:00 AM to 12:00 PM",,Flat fee regardless of income,,
31631,25491,,"Legal help for immigration in Illinois, Indiana and Wisconsin",,Direct representation,,,,,"Telephone

    Email

    Online through IllinoisLegalAid.orgOr you can email us to set an appointment.Please call to set an appointment.",,Flat fee regardless of income,,
30301,25231,,Woodlawn legal clinic,,Direct representation,,,,,"Telephone

    Walk-inPlease call to make an appointment. Call early (8 a.m.) for best chance to get through.All clinics are walk-in only, we do not make appointments.

Call 312-341-1070, select your preferred language, and choose option 4 for more information about LAF's legal clinics.Walk-in clients are seen on a first-come, first-served basis. Doors open at 3PM. If you arrive before the clinic closes, you will be seen.",,Free to eligible persons/entities,,
30256,25596,,Rockford Office - Legal help for people affected by HIV/AIDS,,Direct representation,,,,,"Telephone

    Online through IllinoisLegalAid.org",,Free to eligible persons/entities,,
30251,25596,,Rockford Office - Legal help for seniors,,Direct representation,,,,,"Telephone

    Online through IllinoisLegalAid.org",,Free to everyone,,
30246,25596,,Kane County Domestice Violence Courthouse Project,,Direct representation,,,,,"Telephone

    Walk-in

    Online through IllinoisLegalAid.orgPlease sign in to speak with a PSLS staff attorney at the counter in Room 149 in the Kane County Judicial Center.",,Free to eligible persons/entities,,
30236,25596,,Fox Valley Office - Legal help for people affected by HIV/AIDS,,Direct representation,,,,,"Telephone

    Online through IllinoisLegalAid.org",,Free to eligible persons/entities,,
30231,25596,,Fox Valley Office - Legal help for seniors,,Direct representation,,,,,"Telephone

    Online through IllinoisLegalAid.org",,Free to everyone,,
30226,25596,,Kankakee Office - Legal help for seniors,,Direct representation,,,,,"Telephone

    Online through IllinoisLegalAid.org",,Free to everyone,,
30211,25596,,Joliet Office - Legal help for people affected by HIV/AIDS,,Direct representation,,,,,"Telephone

    Online through IllinoisLegalAid.org",,Free to eligible persons/entities,,
30186,25596,,Joliet Office - Legal help for seniors,,Direct representation,,,,,"Telephone

    Online through IllinoisLegalAid.org",,Free to everyone,,
30181,25596,,McHenry Office - Legal help for people affected by HIV/AIDS,,Direct representation,,,,,"Telephone

    Online through IllinoisLegalAid.org",,Free to eligible persons/entities,,
30176,25596,,McHenry Office - Legal help for seniors,,Direct representation,,,,,"Telephone

    Online through IllinoisLegalAid.org",,Free to everyone,,
30171,25596,,Rock Island Office - Legal help for people affected by HIV/AIDS,,Direct representation,,,,,"Telephone

    Online through IllinoisLegalAid.org",,Free to eligible persons/entities,,
30166,25596,,Rock Island Office - Legal help for seniors,,Direct representation,,,,,"Telephone

    Online through IllinoisLegalAid.org",,Free to everyone,,
30156,25596,,Ottawa Office - Legal help for people affected by HIV/AIDS,,Direct representation,,,,,"Telephone

    Online through IllinoisLegalAid.org",,Free to eligible persons/entities,,
30151,25596,,Ottawa Office - Legal help for seniors,,Direct representation,,,,,"Telephone

    Online through IllinoisLegalAid.org",,Free to everyone,,
30146,25596,,Galesburg Satellite Office - Legal help for people affected by HIV/AIDS,,Direct representation,,,,,"Telephone

    Online through IllinoisLegalAid.org",,Free to eligible persons/entities,,
30141,25596,,Galesburg Satellite Office - Legal help for seniors,,Direct representation,,,,,"Telephone

    Online through IllinoisLegalAid.org",,Free to everyone,,
30136,25596,,Galesburg Satellite Office - Legal help for people with low or no income,,Direct representation,,,,,"Telephone

    Online through IllinoisLegalAid.org",,Free to eligible persons/entities,,
30131,25596,,Peoria Office - Legal help for people affected by HIV/AIDS,,Direct representation,,,,,"Telephone

    Online through IllinoisLegalAid.org",,Free to eligible persons/entities,,
30126,25596,,Peoria Office - Legal help for seniors,,Direct representation,,,,,"Telephone

    Online through IllinoisLegalAid.org",,Free to everyone,,
30121,25596,,Peoria Office - Legal help for people with low or no income,,Direct representation,,,,,"Telephone

    Online through IllinoisLegalAid.org",,Free to eligible persons/entities,,
30116,25596,,Waukegan Office - Legal help for people affected by HIV/AIDS,,Direct representation,,,,,"Telephone

    Online through IllinoisLegalAid.org",,Free to eligible persons/entities,,
30111,25596,,Waukegan Office - Legal help for seniors,,Direct representation,,,,,"Telephone

    Online through IllinoisLegalAid.org",,Free to everyone,,
30106,25596,,Legal help for homeowners project,,Direct representation,,,,,"Telephone

    Online through IllinoisLegalAid.orgThe best way to contact us is through the project hotline at (888) 966-7757.",,Free to eligible persons/entities,,
30101,25596,,Bloomington Office - Legal help for people affected by HIV/AIDS,,Direct representation,,,,,"Telephone

    Online through IllinoisLegalAid.org",,Free to eligible persons/entities,,
30096,25596,,Family Law Advice Line for Unmarried Parents,,Direct representation,,,,,"Telephone

    Online through IllinoisLegalAid.orgOnline access is the best way to reach us.",,Free to eligible persons/entities,,
30091,25596,,Low Income Tax Clinic,,Direct representation,,,,,"Telephone

    Online through IllinoisLegalAid.orgPlease call during business hours. If your call is not answered, please leave a message.",,Free to eligible persons/entities,,
30066,25231,,Immigration project,,Direct representation,,,,,TelephonePlease call to apply. It is best to call and schedule a call back instead of waiting on the line. Intake can be conducted by phone or in-person.,,Free to eligible persons/entities,,
30061,25231,,Migrant legal assistance project,,Direct representation,,,,,TelephonePlease call to apply. Leave a message if your call is not answered. All calls will be returned during normal business hours. Intake can be conducted by phone or in-person.,,Free to eligible persons/entities,,
30056,25231,,Trafficking survivors assistance project,,Direct representation,,,,,TelephonePlease call to apply. Leave a message if your call is not answered. All calls will be returned during normal business hours. Intake can be conducted by phone or in-person.,,Free to everyone,,
30046,25231,,William J. Hibbler pro se assistance program,,Direct representation,,,,,"TelephoneBy appointment only. Please call to make an appointment (appointments are available on Monday, Tuesday, and Friday).  Leave a message if your call is not answered; all calls will be returned during normal business hours.Please call to make an appointment (appointments occur on Mondays, Tuesdays, and Fridays only). Leave a message if your call is not answered. Calls will be returned during business hours (9 AM - 5 PM, Monday - Friday).",,Free to everyone,,
30036,25231,,Veterans rights project,,Direct representation,,,,,"TelephoneCall during normal business hours (9AM to 5PM) to leave a message. All calls will be returned during business hours, usually within 3 days.",,Free to everyone,,
30031,25231,,Veterans legal clinic,,Direct representation,,,,,"Telephone

    Walk-inPlease call during normal business hours (9 AM to 5 PM, Monday through Friday) for an appointment. If we do not answer, please leave a message. Calls are returned during business hours, usually within 3 days.Please leave a message and we will return your call during business hours, usually within 3 days.Clients with scheduled appointments get priority. Walk-in clients are seen on a first-come, first-served basis. It is best to set up an appointment by phone.",,Free to everyone,,
30021,25231,,Suburban seniors,,Direct representation,,,,,"Telephone

    Online through IllinoisLegalAid.orgCall early (8 a.m.) or apply online for best chance to get through; book a call back appointment to avoid waiting. Only a limited number of calls taken daily.",,Free to everyone,,
30016,25231,,Public benefits outreach and enrollment project - south Chicago,,Direct representation,,,,,"Walk-inFirst come, first served. It is best to come at 9 a.m. to receive assistance.",,Free to eligible persons/entities,,
30006,25231,,Public benefits outreach and enrollment project - King,,Direct representation,,,,,"Walk-inFirst come, first served. It is best to come at 9 a.m. to receive assistance.",,Free to eligible persons/entities,,
29991,25231,,Public benefits outreach and enrollment project - Garfield,,Direct representation,,,,,"Walk-inFirst come, first served. It is best to come at 9 a.m. to receive assistance.",,Free to eligible persons/entities,,
29976,25231,,Public benefits outreach and enrollment project - Trina Davila,,Direct representation,,,,,"Walk-inFirst come, first served. It is best to come at 9 a.m. to receive assistance.",,Free to eligible persons/entities,,
29966,25231,,Public benefits outreach and enrollment project - North area,,Direct representation,,,,,"Walk-inFirst come, first served. It is best to come at 9 a.m. to receive assistance.",,Free to eligible persons/entities,,
29941,25231,,Provident legal clinic,,Direct representation,,,,,"Telephone

    Walk-inCall for an appointment.  Walk-ins are OK.Due to funder rules, applicants must give information about HIV status to get service.",,Free to eligible persons/entities,,
29926,25231,,Plenary order of protection appeal project,,Direct representation,,,,,TelephoneCall and leave a message. We will return all messages. Please note that this project only serves petitioners in Order of Protection cases after a hearing.,,Free to everyone,,
29906,25231,,Katten legal clinic - Jose De Diego Community Academy,,Direct representation,,,,,"Telephone

    Walk-inPlease call for an appointment.All clinics are walk-in only, we do not make appointments.

Call 312-341-1070, select your preferred language, and choose option 4 for more information about LAF's legal clinics.Walk-in clients are seen on a first-come, first-served basis. Doors open at 4PM. If you arrive before the clinic closes, you will be seen.",,Free to eligible persons/entities,,
29881,25231,,Juvenile expungement help desk,,Direct representation,,,,,"Walk-inServes people 18+ with juvenile arrest records in Cook County. Cannot be on probation or have open criminal case. Get Chicago rap sheet (free) at 3510 S. Michigan (M-F 8-12) and bring to help desk. If arrested outside of Chicago, call first.",,Free to everyone,,
29866,25231,,HIV-AIDS project,,Direct representation,,,,,"Telephone

    Online through IllinoisLegalAid.orgDue to funder requirements, applicants must provide information about HIV status during the intake process. This service is for people living with HIV or AIDS and their household members.",,Free to eligible persons/entities,,
29856,25231,,Help for homeowners,,Direct representation,,,,,"Telephone

    Online through IllinoisLegalAid.orgBook a callback.",,Free to eligible persons/entities,,
29846,25231,,Eviction defense help desk - Skokie,,Direct representation,,,,,"Walk-inFirst come, first served. Clinic attorney is located in back of courtroom.",,Free to everyone,,
29836,25231,,Eviction defense help desk - Markham,,Direct representation,,,,,"Walk-inFirst come, first served.",,Free to everyone,,
29821,25231,,Comprehensive legal assistance for survivors project (CLASP) - Southwest,,Direct representation,,,,,TelephonePlease call and leave a message to schedule an in-person intake appointment. Calls are confidential and will be returned. Intake location is flexible.,,Free to everyone,,
29811,25231,,Bankruptcy help desk,,Direct representation,,,,,"Walk-inClients are seen on a first come, first served basis. Only the first 10 people are served, so please arrive early. When Monday is a court holiday, the help desk is open on Tuesday instead.",,Free to everyone,,
29801,25231,,LAF- ADAPT (Advance Directives and Property Transfers),,Direct representation,,,,,"Telephone

    Online through IllinoisLegalAid.orgPlease call our ADAPT LAF Project hotline at 312-229-6080 and leave a message with your name and number. Someone will return your call within 5 business days.",,Free to eligible persons/entities,,
29791,25231,,Client screening unit,,Direct representation,,,,,"Telephone

    Online through IllinoisLegalAid.orgCall early (at 8:00 AM) or apply online for the best chance to get through; book call back to avoid wait times. A limited number of calls are taken daily.",,Free to eligible persons/entities,,
29701,25686,,Policy Services,,"Policy, impact litigation, support or other",,,,,"",,Free to everyone,,
29641,25596,,Legal help with eviction defense,,Direct representation,,,,,Walk-inA Prairie State attorney is available at the McLean County Law & Justice Center every Thursday morning to meet with people who have an eviction court date that morning.,,Free to eligible persons/entities,,
29631,25596,,Bloomington Office - Legal help for seniors,,Direct representation,,,,,"Telephone

    Online through IllinoisLegalAid.org",,Free to everyone,,
29611,25596,,Kankakee Office - Legal help for people with low or no income,,Direct representation,,,,,"Telephone

    Online through IllinoisLegalAid.org",,Free to eligible persons/entities,,
29601,25596,,Joliet Office - Legal help for people with low or no income,,Direct representation,,,,,"Telephone

    Online through IllinoisLegalAid.org",,Free to eligible persons/entities,,
29596,25596,,McHenry Office - Walk-in clinic,,Direct representation,,,,,"Walk-inWalk-ins are accepted Tuesday mornings from 9:00 AM to 11:00 AM. Walk ins are seen on a first come, first served basis so please arrive early.",,Free to eligible persons/entities,,
29591,25596,,McHenry Office - Legal help for people with low or no income,,Direct representation,,,,,"Telephone

    Online through IllinoisLegalAid.org",,Free to eligible persons/entities,,
29586,25596,,Rock Island Office - Legal help for people with low or no income,,Direct representation,,,,,"Telephone

    Online through IllinoisLegalAid.org",,Free to eligible persons/entities,,
29581,25596,,Ottawa Office - Legal help for people with low or no income,,Direct representation,,,,,"Telephone

    Online through IllinoisLegalAid.org",,Free to eligible persons/entities,,
29566,25596,,Waukegan Office - Walk-in clinic,,Direct representation,,,,,"Walk-inWalk-ins accepted most Wednesdays at 1:00-1:30pm. Please call ahead to confirm the clinic is available (847-662-6925, press ""0"").",,Free to eligible persons/entities,,
29561,25596,,Waukegan Office - Legal help for people with low or no income,,Direct representation,,,,,"Telephone

    Online through IllinoisLegalAid.org",,Free to eligible persons/entities,,
29556,25596,,Rockford Office - Legal help for people with low or no income,,Direct representation,,,,,"Telephone

    Online through IllinoisLegalAid.org",,Free to eligible persons/entities,,
29551,25596,,Bloomington Office - Legal help with divorce,,Direct representation,,,,,Walk-inPeople seeking divorce may come to our office on Wednesday afternoons to get legal help. Please arrive between 1:00 and 4:00 PM for service.,,Free to eligible persons/entities,,
29546,25596,,Bloomington Office - Legal help for people with low or no income,,Direct representation,,,,,"Telephone

    Online through IllinoisLegalAid.orgYou may have to wait on hold to talk to a lawyer; please be patient. Call early for the best chance to get through.",,Free to eligible persons/entities,,
29541,25596,,Wheaton Office - Legal help for eviction defense,,Direct representation,,,,,"Telephone

    Online through IllinoisLegalAid.org",,Free to eligible persons/entities,,
29531,25596,,Wheaton Office - Legal help for people with low or no income,,Direct representation,,,,,"Telephone

    Online through IllinoisLegalAid.org",,Free to eligible persons/entities,,
29511,25491,,Deferred action for childhood arrivals (DACA) legal services,,Direct representation,,,,,"Online

    Online through IllinoisLegalAid.orgVisit NIJC's calendar to find and register for an upcoming Deferred Action Clinic. After you register, we will email you a form. Please fill out the form and return it, so we can see if we can help you.",,Flat fee regardless of income,,
29471,25251,,"Legal Help for Homeowners, Consumer Rights and Debt Collection Hotline",,Direct representation,,,,,"Telephone

    Online through IllinoisLegalAid.orgYou must talk to a Land of Lincoln staff member by phone to get service.",,Free to eligible persons/entities,,
29436,24631,,Legal services for people who are homeless or at risk of homelessness,,Direct representation,,,,,TelephoneIntake is usually done by phone but we can schedule an in-person appointment if needed.Intake is usually done by phone but we can schedule an in-person appointment if needed.,,Free to eligible persons/entities,,
29421,24471,,Free legal information and forms in Alexander County,,Legal self-help center,,,,,"",,Free to everyone,,
29416,24456,,Free legal information and forms in Adams County,,Legal self-help center,http://quincylibrary.org/,,,,"",,Free to everyone,,
29396,25596,,Fair Housing Project,,Direct representation,,,,,"TelephoneWe have offices in Rockford and Waukegan. When you call, you will be directed to one of these offices, based on your location. We help anyone, regardless of income. When you call, please tell us you received a referral from IllinoisLegalAid.org.",,Free to everyone,,
29246,25251,,Legal Help for Seniors (Midland),,Direct representation,,,,,"Telephone

    Online through IllinoisLegalAid.orgYou must talk to a Land of Lincoln staff member by phone to get service.",,Free to everyone,,
29236,25251,,Legal Help for Seniors (East Central),,Direct representation,,,,,"Telephone

    Online through IllinoisLegalAid.orgYou must talk to a Land of Lincoln staff member by phone to get service. Call between 9:00-11:00am on weekdays.",,Free to everyone,,
29231,25251,,Legal Help for Seniors (Metro-East),,Direct representation,,,,,"Telephone

    Walk-in

    Online through IllinoisLegalAid.orgYou may talk to a Land of Lincoln lawyer by phone to get advice.You may talk to a Land of Lincoln lawyer in person during our office hours.",,Free to everyone,,
29226,25251,,Legal advice and referral center,,Direct representation,,,,,"Telephone

    Online through IllinoisLegalAid.orgYou must talk to a Land of Lincoln staff member by phone to get advice. Depending on your case, we may refer you to the office closest to you for further service.",,Free to eligible persons/entities,,
29211,24561,,Domestic relations self-help desk,,Direct representation,,,,,Walk-inClients are served on a first-come-first-served basis. Wait times vary from 1 to 3 hours.,,Free to eligible persons/entities,,
29206,24561,,Collection self-help desk,,Direct representation,,,,,Walk-inClients are seen on a first come first served basis.,,Free to eligible persons/entities,,
29201,24561,,Hotline,,Direct representation,,,,,"Telephone

    OnlineCARPLS legal services are now available by appointment for a small convenience fee of $25. Schedule an appointment online and a CARPLS attorney will call you back.Calls are answered on a first-come first-served basis. Wait times may vary but will not exceed 20 minutes.For $25, you can skip the wait and set up an appointment online. Once you set your appointment online, a CARPLS lawyer will call you back.",,Free to eligible persons/entities,,
29196,24561,,Administrative hearings advice desk,,Direct representation,,,,,"Walk-inClients are assisted on a first come, first served basis.",,Free to eligible persons/entities,,
29191,24561,,Municipal Court Advice Desk,,Direct representation,,,,,Walk-inClients are served on a first-come-first-served basis. Wait times vary from 1 to 3 hours.,,Free to eligible persons/entities,,
29126,25311,,Calumet center legal services,,Direct representation,,,,,"Telephone

    Walk-inPlease call us. Clients are seen on Saturday by appointment only.Walk-ins are accepted Monday through Friday during open hours.",,Free to eligible persons/entities,,
29111,25311,,REACH legal clinic,,Direct representation,,,,,TelephoneCall to make an appointment.Please call to set up an appointment.,,Free to eligible persons/entities,,
29096,25311,,Midway center legal services,,Direct representation,,,,,"Telephone

    Walk-in",,Free to eligible persons/entities,,
28876,25311,,Markham Courthouse civil law help desk,,Direct representation,,,,,Walk-in,,Free to eligible persons/entities,,
28871,25311,,Southwest center legal services,,Direct representation,,,,,"Telephone

    Walk-in",,Free to eligible persons/entities,,
28856,25311,,Victim legal assistance network (VLAN),,Direct representation,,,,,"Telephone

    Online through IllinoisLegalAid.org",,Free to eligible persons/entities,,
28851,25311,,Pro Bono Project,,Direct representation,,,,,Telephone,,Free to eligible persons/entities,,
28846,25311,,Poverty Law Project,,Direct representation,,,,,Telephone,,Free to eligible persons/entities,,
28841,25311,,Human Trafficking Initiative,,Direct representation,,,,,"Telephone

    Email

    Online through IllinoisLegalAid.orgEmail your contact information and we will set an in-person appointment, or contact you via phone.Please call us.",,Free to everyone,,
28836,25311,,Elder law project,,Direct representation,,,,,Telephone,,Free to eligible persons/entities,,
28831,25311,,Domestic violence legal services,,Direct representation,,,,,"Telephone

    Online through IllinoisLegalAid.orgPlease call our office and we will screen you for services.",,Free to eligible persons/entities,,
28806,25596,,Fox Valley Office - Legal help for people with low or no income,,Direct representation,,,,,"Telephone

    Online through IllinoisLegalAid.org",,Free to eligible persons/entities,,
28776,25311,,General intake,,Direct representation,,,,,Telephone,,Free to eligible persons/entities,,
28751,24546,,Criminal records advice desk at the Daley Center,,Direct representation,,,,,"Walk-inHelp is provided on a first come, first served basis. Sign in starts at 8:30 AM; 20 clients are served during the morning.",,Free to everyone,,
28721,24656,,Amicus Poloniae legal clinic,,Direct representation,,,,,TelephonePlease call for an appointment.Please call to set up an appointment.,,Free to eligible persons/entities,,
28711,24656,,Guardianship Assistance Desk for Minors,,Direct representation,,,,,"Walk-inPeople are seen on a first-come, first-served",,Free to eligible persons/entities,,
28706,24656,,CVLS panel referral program,,Direct representation,,,,,"Telephone

    Online through IllinoisLegalAid.orgCall for an appointment.Please call to set up an appointment.",,Free to eligible persons/entities,,
28501,25066,,Legal Answers,,Direct representation,,,,,OnlineAnswer a few questions on the Free Legal Answers website to find out if you can use the service. Then post your legal question for a volunteer lawyer to answer.,,Free to eligible persons/entities,,
28496,25066,,Illinois Legal Aid Online,,Legal information and education (not a legal self-help center),,,,,"",,Free to everyone,,
