id,service_id,location_id,service_at_location_id,weekday,opens_at,closes_at
,,135831,,Sunday,11:00,20:00
,,135831,,Monday,9:00,22:00
,,135831,,Tuesday,9:00,22:00
,,135831,,Wednesday,9:00,22:00
,,135831,,Thursday,9:00,22:00
,,135831,,Friday,9:00,22:00
,,135831,,Saturday,9:00,20:00
,,131331,,Sunday,,
,,131331,,Monday,9:00,17:00
,,131331,,Tuesday,9:00,17:00
,,131331,,Wednesday,9:00,17:00
,,131331,,Thursday,9:00,17:00
,,131331,,Friday,9:00,17:00
,,131331,,Saturday,,
,,129431,,Sunday,,
,,129431,,Monday,,
,,129431,,Tuesday,,
,,129431,,Wednesday,,
,,129431,,Thursday,9:00,17:00
,,129431,,Friday,,
,,129431,,Saturday,,
,,129426,,Sunday,,
,,129426,,Monday,,
,,129426,,Tuesday,,
,,129426,,Wednesday,,
,,129426,,Thursday,9:00,17:00
,,129426,,Friday,,
,,129426,,Saturday,,
,,129066,,Sunday,12:00,18:00
,,129066,,Monday,9:00,21:00
,,129066,,Tuesday,9:00,21:00
,,129066,,Wednesday,9:00,21:00
,,129066,,Thursday,9:00,21:00
,,129066,,Friday,9:00,18:00
,,129066,,Saturday,9:00,18:00
,,127456,,Sunday,,
,,127456,,Monday,8:00,16:00
,,127456,,Tuesday,8:00,16:00
,,127456,,Wednesday,8:00,16:00
,,127456,,Thursday,8:00,16:00
,,127456,,Friday,8:00,16:00
,,127456,,Saturday,,
,,127211,,Sunday,,
,,127211,,Monday,9:00,17:00
,,127211,,Tuesday,9:00,19:00
,,127211,,Wednesday,9:00,17:00
,,127211,,Thursday,9:00,19:00
,,127211,,Friday,9:00,17:00
,,127211,,Saturday,9:00,12:00
,,127201,,Sunday,,
,,127201,,Monday,9:00,17:00
,,127201,,Tuesday,9:00,17:00
,,127201,,Wednesday,9:00,17:00
,,127201,,Thursday,9:00,19:00
,,127201,,Friday,9:00,17:00
,,127201,,Saturday,9:00,12:00
,,127181,,Sunday,,
,,127181,,Monday,9:00,17:00
,,127181,,Tuesday,9:00,19:00
,,127181,,Wednesday,9:00,17:00
,,127181,,Thursday,9:00,19:00
,,127181,,Friday,9:00,17:00
,,127181,,Saturday,9:00,12:00
,,127171,,Sunday,,
,,127171,,Monday,9:00,17:00
,,127171,,Tuesday,9:00,17:00
,,127171,,Wednesday,9:00,17:00
,,127171,,Thursday,9:00,19:00
,,127171,,Friday,9:00,17:00
,,127171,,Saturday,9:00,12:00
,,127161,,Sunday,,
,,127161,,Monday,9:00,17:00
,,127161,,Tuesday,9:00,19:00
,,127161,,Wednesday,9:00,17:00
,,127161,,Thursday,9:00,19:00
,,127161,,Friday,9:00,17:00
,,127161,,Saturday,9:00,12:00
,,127151,,Sunday,,
,,127151,,Monday,9:00,17:00
,,127151,,Tuesday,9:00,17:00
,,127151,,Wednesday,9:00,17:00
,,127151,,Thursday,9:00,19:00
,,127151,,Friday,9:00,17:00
,,127151,,Saturday,9:00,12:00
,,127056,,Sunday,,
,,127056,,Monday,9:00,17:00
,,127056,,Tuesday,9:00,17:00
,,127056,,Wednesday,9:00,17:00
,,127056,,Thursday,9:00,19:00
,,127056,,Friday,9:00,17:00
,,127056,,Saturday,9:00,12:00
,,127046,,Sunday,,
,,127046,,Monday,9:00,17:00
,,127046,,Tuesday,9:00,19:00
,,127046,,Wednesday,9:00,17:00
,,127046,,Thursday,9:00,19:00
,,127046,,Friday,9:00,17:00
,,127046,,Saturday,9:00,12:00
,,125091,,Sunday,,
,,125091,,Monday,,
,,125091,,Tuesday,9:00,12:00
,,125091,,Wednesday,,
,,125091,,Thursday,,
,,125091,,Friday,,
,,125091,,Saturday,,
,,124271,,Sunday,,
,,124271,,Monday,,
,,124271,,Tuesday,12:00,17:00
,,124271,,Wednesday,13:00,18:00
,,124271,,Thursday,,
,,124271,,Friday,9:00,16:00
,,124271,,Saturday,9:00,12:00
,,122696,,Sunday,,
,,122696,,Monday,8:30,16:30
,,122696,,Tuesday,8:30,16:30
,,122696,,Wednesday,8:30,16:30
,,122696,,Thursday,8:30,16:30
,,122696,,Friday,8:30,16:30
,,122696,,Saturday,,
,,120291,,Sunday,,
,,120291,,Monday,9:00,17:00
,,120291,,Tuesday,9:00,17:00
,,120291,,Wednesday,9:00,17:00
,,120291,,Thursday,9:00,17:00
,,120291,,Friday,9:00,17:00
,,120291,,Saturday,,
,,120051,,Sunday,12:00,17:00
,,120051,,Monday,9:00,22:00
,,120051,,Tuesday,9:00,22:00
,,120051,,Wednesday,9:00,22:00
,,120051,,Thursday,9:00,22:00
,,120051,,Friday,9:00,22:00
,,120051,,Saturday,9:00,17:00
,,116926,,Sunday,,
,,116926,,Monday,8:00,16:30
,,116926,,Tuesday,8:00,16:30
,,116926,,Wednesday,8:00,16:30
,,116926,,Thursday,8:00,16:30
,,116926,,Friday,8:00,16:30
,,116926,,Saturday,,
,,116846,,Sunday,,
,,116846,,Monday,9:00,17:00
,,116846,,Tuesday,9:00,17:00
,,116846,,Wednesday,9:00,17:00
,,116846,,Thursday,9:00,17:00
,,116846,,Friday,9:00,17:00
,,116846,,Saturday,,
,,115956,,Sunday,13:00,17:00
,,115956,,Monday,10:00,20:00
,,115956,,Tuesday,10:00,20:00
,,115956,,Wednesday,10:00,20:00
,,115956,,Thursday,10:00,18:00
,,115956,,Friday,10:00,18:00
,,115956,,Saturday,10:00,17:00
,,113191,,Sunday,,
,,113191,,Monday,8:00,16:00
,,113191,,Tuesday,8:00,17:30
,,113191,,Wednesday,8:00,16:00
,,113191,,Thursday,8:00,16:00
,,113191,,Friday,8:00,16:00
,,113191,,Saturday,,
,,111926,,Sunday,,
,,111926,,Monday,9:00,17:00
,,111926,,Tuesday,9:00,17:00
,,111926,,Wednesday,9:00,17:00
,,111926,,Thursday,9:00,17:00
,,111926,,Friday,9:00,17:00
,,111926,,Saturday,,
,,111816,,Sunday,,
,,111816,,Monday,9:00,17:00
,,111816,,Tuesday,9:00,17:00
,,111816,,Wednesday,9:00,17:00
,,111816,,Thursday,9:00,17:00
,,111816,,Friday,9:00,17:00
,,111816,,Saturday,,
,,111236,,Sunday,,
,,111236,,Monday,,
,,111236,,Tuesday,17:00,20:00
,,111236,,Wednesday,,
,,111236,,Thursday,,
,,111236,,Friday,,
,,111236,,Saturday,,
,,110951,,Sunday,,
,,110951,,Monday,13:00,20:00
,,110951,,Tuesday,9:00,12:00
,,110951,,Wednesday,13:00,20:00
,,110951,,Thursday,,
,,110951,,Friday,13:00,17:00
,,110951,,Saturday,9:00,13:00
,,110891,,Sunday,13:00,17:00
,,110891,,Monday,9:00,21:00
,,110891,,Tuesday,9:00,21:00
,,110891,,Wednesday,9:00,21:00
,,110891,,Thursday,9:00,21:00
,,110891,,Friday,9:00,17:00
,,110891,,Saturday,9:00,17:00
,,107056,,Sunday,,
,,107056,,Monday,8:30,12:00
,,107056,,Tuesday,8:30,12:00
,,107056,,Wednesday,8:30,12:00
,,107056,,Thursday,8:30,12:00
,,107056,,Friday,8:30,12:00
,,107056,,Saturday,,
,,107051,,Sunday,,
,,107051,,Monday,8:30,12:00
,,107051,,Tuesday,8:30,12:00
,,107051,,Wednesday,8:30,12:00
,,107051,,Thursday,8:30,12:00
,,107051,,Friday,8:30,12:00
,,107051,,Saturday,,
,,106701,,Sunday,,
,,106701,,Monday,9:00,17:00
,,106701,,Tuesday,9:00,19:30
,,106701,,Wednesday,9:00,17:00
,,106701,,Thursday,9:00,17:00
,,106701,,Friday,,
,,106701,,Saturday,,
,,97541,,Sunday,,
,,97541,,Monday,8:30,17:00
,,97541,,Tuesday,8:30,17:00
,,97541,,Wednesday,8:30,17:00
,,97541,,Thursday,8:30,17:00
,,97541,,Friday,8:30,17:00
,,97541,,Saturday,,
,,95461,,Sunday,,
,,95461,,Monday,8:00,16:30
,,95461,,Tuesday,8:00,16:30
,,95461,,Wednesday,8:00,16:30
,,95461,,Thursday,8:00,16:30
,,95461,,Friday,8:00,16:30
,,95461,,Saturday,,
,,95451,,Sunday,,
,,95451,,Monday,9:00,16:00
,,95451,,Tuesday,9:00,16:00
,,95451,,Wednesday,9:00,16:00
,,95451,,Thursday,9:00,16:00
,,95451,,Friday,9:00,16:00
,,95451,,Saturday,,
,,93656,,Sunday,,
,,93656,,Monday,10:00,4:00
,,93656,,Tuesday,10:00,4:00
,,93656,,Wednesday,10:00,4:00
,,93656,,Thursday,10:00,4:00
,,93656,,Friday,10:00,4:00
,,93656,,Saturday,,
,,91716,,Sunday,,
,,91716,,Monday,,
,,91716,,Tuesday,,
,,91716,,Wednesday,,
,,91716,,Thursday,,
,,91716,,Friday,9:30,12:30
,,91716,,Saturday,,
,,91701,,Sunday,,
,,91701,,Monday,8:30,12:00
,,91701,,Tuesday,8:30,12:00
,,91701,,Wednesday,8:30,12:00
,,91701,,Thursday,8:30,12:00
,,91701,,Friday,8:30,12:00
,,91701,,Saturday,,
,,91686,,Sunday,,
,,91686,,Monday,9:00,16:30
,,91686,,Tuesday,9:00,16:30
,,91686,,Wednesday,9:00,16:30
,,91686,,Thursday,9:00,16:30
,,91686,,Friday,9:00,16:30
,,91686,,Saturday,,
,,91681,,Sunday,,
,,91681,,Monday,8:00,16:00
,,91681,,Tuesday,8:00,16:00
,,91681,,Wednesday,8:00,16:00
,,91681,,Thursday,8:00,16:00
,,91681,,Friday,8:00,16:00
,,91681,,Saturday,,
,,91046,,Sunday,13:00,17:00
,,91046,,Monday,9:00,21:00
,,91046,,Tuesday,9:00,21:00
,,91046,,Wednesday,9:00,21:00
,,91046,,Thursday,9:00,21:00
,,91046,,Friday,9:00,18:00
,,91046,,Saturday,9:00,17:00
,,90821,,Sunday,,
,,90821,,Monday,9:00,17:00
,,90821,,Tuesday,9:00,17:00
,,90821,,Wednesday,9:00,17:00
,,90821,,Thursday,9:00,17:00
,,90821,,Friday,9:00,17:00
,,90821,,Saturday,,
,,90816,,Sunday,,
,,90816,,Monday,9:00,17:00
,,90816,,Tuesday,9:00,17:00
,,90816,,Wednesday,9:00,17:00
,,90816,,Thursday,9:00,17:00
,,90816,,Friday,9:00,17:00
,,90816,,Saturday,,
,,90811,,Sunday,,
,,90811,,Monday,9:00,17:00
,,90811,,Tuesday,9:00,17:00
,,90811,,Wednesday,9:00,17:00
,,90811,,Thursday,9:00,17:00
,,90811,,Friday,9:00,17:00
,,90811,,Saturday,,
,,90261,,Sunday,,
,,90261,,Monday,8:00,16:00
,,90261,,Tuesday,8:00,16:00
,,90261,,Wednesday,8:00,16:00
,,90261,,Thursday,8:00,16:00
,,90261,,Friday,8:00,16:00
,,90261,,Saturday,,
,,89631,,Sunday,,
,,89631,,Monday,10:00,17:00
,,89631,,Tuesday,10:00,17:00
,,89631,,Wednesday,,
,,89631,,Thursday,10:00,17:00
,,89631,,Friday,10:00,17:00
,,89631,,Saturday,,
,,88961,,Sunday,,
,,88961,,Monday,9:00,17:00
,,88961,,Tuesday,9:00,17:00
,,88961,,Wednesday,9:00,17:00
,,88961,,Thursday,9:00,17:00
,,88961,,Friday,9:00,17:00
,,88961,,Saturday,,
,,88496,,Sunday,,
,,88496,,Monday,7:00,16:00
,,88496,,Tuesday,7:00,16:00
,,88496,,Wednesday,7:00,16:00
,,88496,,Thursday,7:00,16:00
,,88496,,Friday,7:00,16:00
,,88496,,Saturday,,
,,86811,,Sunday,,
,,86811,,Monday,10:00,17:00
,,86811,,Tuesday,10:00,17:00
,,86811,,Wednesday,10:00,17:00
,,86811,,Thursday,10:00,17:00
,,86811,,Friday,10:00,17:00
,,86811,,Saturday,,
,,85656,,Sunday,,
,,85656,,Monday,8:30,16:30
,,85656,,Tuesday,8:30,16:30
,,85656,,Wednesday,8:30,16:30
,,85656,,Thursday,8:30,16:30
,,85656,,Friday,8:30,16:30
,,85656,,Saturday,,
,,76556,,Sunday,,
,,76556,,Monday,10:00,17:00
,,76556,,Tuesday,10:00,17:00
,,76556,,Wednesday,,
,,76556,,Thursday,10:00,17:00
,,76556,,Friday,10:00,17:00
,,76556,,Saturday,,
,,64191,,Sunday,,
,,64191,,Monday,8:00,17:00
,,64191,,Tuesday,8:00,17:00
,,64191,,Wednesday,8:00,17:00
,,64191,,Thursday,8:00,17:00
,,64191,,Friday,8:00,17:00
,,64191,,Saturday,,
,,64181,,Sunday,,
,,64181,,Monday,8:00,17:00
,,64181,,Tuesday,8:00,17:00
,,64181,,Wednesday,8:00,17:00
,,64181,,Thursday,8:00,17:00
,,64181,,Friday,,
,,64181,,Saturday,,
,,63851,,Sunday,,
,,63851,,Monday,8:00,17:00
,,63851,,Tuesday,8:00,17:00
,,63851,,Wednesday,8:00,17:00
,,63851,,Thursday,8:00,17:00
,,63851,,Friday,8:00,17:00
,,63851,,Saturday,,
,,63841,,Sunday,,
,,63841,,Monday,9:00,13:00
,,63841,,Tuesday,9:00,13:00
,,63841,,Wednesday,9:00,13:00
,,63841,,Thursday,9:00,13:00
,,63841,,Friday,9:00,13:00
,,63841,,Saturday,,
,,63511,,Sunday,,
,,63511,,Monday,8:00,17:00
,,63511,,Tuesday,8:00,17:00
,,63511,,Wednesday,8:00,17:00
,,63511,,Thursday,8:00,17:00
,,63511,,Friday,,
,,63511,,Saturday,,
,,54731,,Sunday,,
,,54731,,Monday,7:00,16:30
,,54731,,Tuesday,7:00,16:30
,,54731,,Wednesday,7:00,16:30
,,54731,,Thursday,7:00,16:30
,,54731,,Friday,,
,,54731,,Saturday,,
,,54721,,Sunday,,
,,54721,,Monday,9:00,13:00
,,54721,,Tuesday,9:00,13:00
,,54721,,Wednesday,9:00,13:00
,,54721,,Thursday,9:00,13:00
,,54721,,Friday,9:00,13:00
,,54721,,Saturday,,
,,54711,,Sunday,,
,,54711,,Monday,9:00,16:00
,,54711,,Tuesday,9:00,16:00
,,54711,,Wednesday,9:00,16:00
,,54711,,Thursday,9:00,16:00
,,54711,,Friday,9:00,16:00
,,54711,,Saturday,,
,,54691,,Sunday,,
,,54691,,Monday,8:00,16:30
,,54691,,Tuesday,8:00,16:30
,,54691,,Wednesday,8:00,16:30
,,54691,,Thursday,8:00,16:30
,,54691,,Friday,8:00,16:30
,,54691,,Saturday,,
,,54671,,Sunday,,
,,54671,,Monday,6:00,14:00
,,54671,,Tuesday,6:00,14:00
,,54671,,Wednesday,6:00,14:00
,,54671,,Thursday,,
,,54671,,Friday,6:00,14:00
,,54671,,Saturday,,
,,54331,,Sunday,,
,,54331,,Monday,8:00,16:00
,,54331,,Tuesday,8:00,16:00
,,54331,,Wednesday,8:00,16:00
,,54331,,Thursday,8:00,16:00
,,54331,,Friday,8:00,16:00
,,54331,,Saturday,,
,,53946,,Sunday,,
,,53946,,Monday,,
,,53946,,Tuesday,,
,,53946,,Wednesday,10:00,14:00
,,53946,,Thursday,,
,,53946,,Friday,,
,,53946,,Saturday,,
,,52966,,Sunday,,
,,52966,,Monday,9:00,12:00
,,52966,,Tuesday,13:00,19:00
,,52966,,Wednesday,,
,,52966,,Thursday,9:00,12:00
,,52966,,Friday,,
,,52966,,Saturday,,
,,51956,,Sunday,,
,,51956,,Monday,8:00,16:00
,,51956,,Tuesday,8:00,16:00
,,51956,,Wednesday,8:00,16:00
,,51956,,Thursday,8:00,16:00
,,51956,,Friday,8:00,16:00
,,51956,,Saturday,,
,,51931,,Sunday,,
,,51931,,Monday,8:00,16:30
,,51931,,Tuesday,8:00,16:30
,,51931,,Wednesday,8:00,16:30
,,51931,,Thursday,8:00,16:30
,,51931,,Friday,8:00,16:30
,,51931,,Saturday,,
,,51901,,Sunday,,
,,51901,,Monday,13:00,17:30
,,51901,,Tuesday,13:00,17:30
,,51901,,Wednesday,15:00,19:00
,,51901,,Thursday,13:00,17:30
,,51901,,Friday,13:00,17:30
,,51901,,Saturday,9:00,12:00
,,51866,,Sunday,,
,,51866,,Monday,8:00,16:30
,,51866,,Tuesday,8:00,16:30
,,51866,,Wednesday,8:00,16:30
,,51866,,Thursday,8:00,16:30
,,51866,,Friday,8:00,16:30
,,51866,,Saturday,,
,,51841,,Sunday,,
,,51841,,Monday,,
,,51841,,Tuesday,11:00,18:00
,,51841,,Wednesday,9:00,17:00
,,51841,,Thursday,11:00,18:00
,,51841,,Friday,12:00,17:00
,,51841,,Saturday,9:00,12:00
,,51816,,Sunday,,
,,51816,,Monday,13:00,19:00
,,51816,,Tuesday,16:00,19:00
,,51816,,Wednesday,13:00,19:00
,,51816,,Thursday,16:00,19:00
,,51816,,Friday,13:00,18:00
,,51816,,Saturday,8:00,12:00
,,51806,,Sunday,,
,,51806,,Monday,13:00,20:00
,,51806,,Tuesday,9:00,12:00
,,51806,,Wednesday,13:00,20:00
,,51806,,Thursday,,
,,51806,,Friday,13:00,17:00
,,51806,,Saturday,9:00,13:00
,,51746,,Sunday,,
,,51746,,Monday,15:00,19:00
,,51746,,Tuesday,10:00,17:00
,,51746,,Wednesday,10:00,17:00
,,51746,,Thursday,10:00,19:00
,,51746,,Friday,10:00,17:00
,,51746,,Saturday,10:00,12:00
,,51726,,Sunday,,
,,51726,,Monday,9:00,17:00
,,51726,,Tuesday,12:00,20:00
,,51726,,Wednesday,12:00,20:00
,,51726,,Thursday,12:00,20:00
,,51726,,Friday,9:00,17:00
,,51726,,Saturday,9:00,13:00
,,51711,,Sunday,9:00,12:00
,,51711,,Monday,13:00,18:00
,,51711,,Tuesday,13:00,17:00
,,51711,,Wednesday,9:00,17:00
,,51711,,Thursday,,
,,51711,,Friday,9:00,12:00
,,51711,,Saturday,,
,,51696,,Sunday,,
,,51696,,Monday,14:00,20:00
,,51696,,Tuesday,,
,,51696,,Wednesday,,
,,51696,,Thursday,14:00,20:00
,,51696,,Friday,,
,,51696,,Saturday,8:00,12:00
,,51666,,Sunday,,
,,51666,,Monday,12:00,18:00
,,51666,,Tuesday,12:00,18:00
,,51666,,Wednesday,,
,,51666,,Thursday,9:00,17:00
,,51666,,Friday,,
,,51666,,Saturday,,
,,51606,,Sunday,13:00,17:00
,,51606,,Monday,9:00,19:00
,,51606,,Tuesday,9:00,19:00
,,51606,,Wednesday,9:00,19:00
,,51606,,Thursday,9:00,19:00
,,51606,,Friday,9:00,17:00
,,51606,,Saturday,9:00,17:00
,,51531,,Sunday,,
,,51531,,Monday,11:00,19:00
,,51531,,Tuesday,11:00,19:00
,,51531,,Wednesday,11:00,19:00
,,51531,,Thursday,11:00,19:00
,,51531,,Friday,11:00,17:00
,,51531,,Saturday,,
,,51506,,Sunday,,
,,51506,,Monday,10:00,20:00
,,51506,,Tuesday,13:00,18:00
,,51506,,Wednesday,13:00,18:00
,,51506,,Thursday,10:00,13:00
,,51506,,Friday,10:00,18:00
,,51506,,Saturday,10:00,13:00
,,51496,,Sunday,,
,,51496,,Monday,9:00,20:00
,,51496,,Tuesday,9:00,18:00
,,51496,,Wednesday,9:00,18:00
,,51496,,Thursday,9:00,18:00
,,51496,,Friday,9:00,18:00
,,51496,,Saturday,10:00,16:00
,,51486,,Sunday,,
,,51486,,Monday,9:00,20:00
,,51486,,Tuesday,9:00,20:00
,,51486,,Wednesday,9:00,20:00
,,51486,,Thursday,9:00,20:00
,,51486,,Friday,9:00,17:00
,,51486,,Saturday,9:00,17:00
,,51461,,Sunday,,
,,51461,,Monday,11:00,18:00
,,51461,,Tuesday,11:00,17:00
,,51461,,Wednesday,11:00,20:00
,,51461,,Thursday,11:00,17:00
,,51461,,Friday,11:00,16:00
,,51461,,Saturday,9:00,12:00
,,51446,,Sunday,,
,,51446,,Monday,10:00,20:00
,,51446,,Tuesday,10:00,20:00
,,51446,,Wednesday,10:00,20:00
,,51446,,Thursday,10:00,20:00
,,51446,,Friday,10:00,17:00
,,51446,,Saturday,10:00,14:00
,,51436,,Sunday,,
,,51436,,Monday,8:00,17:30
,,51436,,Tuesday,8:00,17:30
,,51436,,Wednesday,8:00,17:30
,,51436,,Thursday,8:00,17:30
,,51436,,Friday,8:00,17:30
,,51436,,Saturday,,
,,51406,,Sunday,,
,,51406,,Monday,8:00,16:30
,,51406,,Tuesday,8:00,16:30
,,51406,,Wednesday,8:00,16:30
,,51406,,Thursday,8:00,16:30
,,51406,,Friday,8:00,16:30
,,51406,,Saturday,,
,,51396,,Sunday,,
,,51396,,Monday,9:00,18:00
,,51396,,Tuesday,9:00,18:00
,,51396,,Wednesday,9:00,19:00
,,51396,,Thursday,10:00,18:00
,,51396,,Friday,10:00,6:00
,,51396,,Saturday,10:00,14:00
,,51366,,Sunday,,
,,51366,,Monday,12:30,20:00
,,51366,,Tuesday,8:30,17:00
,,51366,,Wednesday,8:30,20:00
,,51366,,Thursday,,
,,51366,,Friday,0:30,17:00
,,51366,,Saturday,8:30,17:00
,,51336,,Sunday,,
,,51336,,Monday,13:00,17:00
,,51336,,Tuesday,13:00,17:00
,,51336,,Wednesday,13:00,17:00
,,51336,,Thursday,9:00,12:00
,,51336,,Friday,13:00,17:00
,,51336,,Saturday,9:00,12:00
,,51326,,Sunday,13:30,17:00
,,51326,,Monday,10:00,20:00
,,51326,,Tuesday,10:00,20:00
,,51326,,Wednesday,10:00,20:00
,,51326,,Thursday,10:00,20:00
,,51326,,Friday,10:00,17:00
,,51326,,Saturday,12:00,17:00
,,51286,,Sunday,,
,,51286,,Monday,10:00,20:00
,,51286,,Tuesday,10:00,20:00
,,51286,,Wednesday,10:00,20:00
,,51286,,Thursday,10:00,20:00
,,51286,,Friday,10:00,17:00
,,51286,,Saturday,9:00,13:00
,,51266,,Sunday,,
,,51266,,Monday,10:00,19:00
,,51266,,Tuesday,10:00,19:00
,,51266,,Wednesday,10:00,17:00
,,51266,,Thursday,10:00,19:00
,,51266,,Friday,10:00,17:00
,,51266,,Saturday,9:00,13:00
,,51246,,Sunday,,
,,51246,,Monday,13:00,20:00
,,51246,,Tuesday,13:00,17:00
,,51246,,Wednesday,13:00,20:00
,,51246,,Thursday,13:00,17:00
,,51246,,Friday,13:00,17:00
,,51246,,Saturday,9:00,12:00
,,51231,,Sunday,,
,,51231,,Monday,8:30,16:30
,,51231,,Tuesday,8:30,16:30
,,51231,,Wednesday,8:30,16:30
,,51231,,Thursday,8:30,16:30
,,51231,,Friday,8:30,4:30
,,51231,,Saturday,,
,,51191,,Sunday,,
,,51191,,Monday,10:00,18:00
,,51191,,Tuesday,10:00,20:00
,,51191,,Wednesday,10:00,18:00
,,51191,,Thursday,10:00,20:00
,,51191,,Friday,10:00,16:00
,,51191,,Saturday,10:00,14:00
,,51171,,Sunday,,
,,51171,,Monday,10:00,20:00
,,51171,,Tuesday,10:00,20:00
,,51171,,Wednesday,10:00,20:00
,,51171,,Thursday,10:00,20:00
,,51171,,Friday,10:00,18:00
,,51171,,Saturday,10:00,16:00
,,51146,,Sunday,12:00,16:00
,,51146,,Monday,9:00,21:00
,,51146,,Tuesday,9:00,21:00
,,51146,,Wednesday,9:00,21:00
,,51146,,Thursday,9:00,21:00
,,51146,,Friday,9:00,21:00
,,51146,,Saturday,9:00,17:00
,,50811,,Sunday,,
,,50811,,Monday,9:00,21:00
,,50811,,Tuesday,9:00,21:00
,,50811,,Wednesday,9:00,21:00
,,50811,,Thursday,9:00,21:00
,,50811,,Friday,9:00,18:00
,,50811,,Saturday,9:00,17:00
,,50556,,Sunday,,
,,50556,,Monday,9:30,20:00
,,50556,,Tuesday,9:30,20:00
,,50556,,Wednesday,9:30,20:00
,,50556,,Thursday,9:30,20:00
,,50556,,Friday,9:30,18:00
,,50556,,Saturday,9:30,15:00
,,49926,,Sunday,,
,,49926,,Monday,12:00,19:00
,,49926,,Tuesday,12:00,19:00
,,49926,,Wednesday,12:00,19:00
,,49926,,Thursday,12:00,19:00
,,49926,,Friday,10:00,17:00
,,49926,,Saturday,10:00,17:00
,,49911,,Sunday,,
,,49911,,Monday,9:00,20:00
,,49911,,Tuesday,9:00,20:00
,,49911,,Wednesday,9:00,20:00
,,49911,,Thursday,9:00,20:00
,,49911,,Friday,9:00,17:00
,,49911,,Saturday,8:00,17:00
,,49846,,Sunday,,
,,49846,,Monday,9:00,17:00
,,49846,,Tuesday,,
,,49846,,Wednesday,,
,,49846,,Thursday,,
,,49846,,Friday,,
,,49846,,Saturday,,
,,49406,,Sunday,,
,,49406,,Monday,9:00,19:00
,,49406,,Tuesday,9:00,19:00
,,49406,,Wednesday,12:00,18:00
,,49406,,Thursday,9:00,18:00
,,49406,,Friday,12:00,18:00
,,49406,,Saturday,10:00,13:00
,,49401,,Sunday,,
,,49401,,Monday,10:00,17:00
,,49401,,Tuesday,10:00,19:00
,,49401,,Wednesday,14:00,19:00
,,49401,,Thursday,10:00,17:00
,,49401,,Friday,10:00,17:00
,,49401,,Saturday,10:00,12:00
,,49356,,Sunday,,
,,49356,,Monday,8:00,17:00
,,49356,,Tuesday,8:00,17:00
,,49356,,Wednesday,8:00,17:00
,,49356,,Thursday,8:00,17:00
,,49356,,Friday,8:00,17:00
,,49356,,Saturday,,
,,49346,,Sunday,,
,,49346,,Monday,7:30,18:00
,,49346,,Tuesday,7:30,18:00
,,49346,,Wednesday,7:30,18:00
,,49346,,Thursday,7:30,18:00
,,49346,,Friday,7:30,18:00
,,49346,,Saturday,,
,,49331,,Sunday,,
,,49331,,Monday,9:00,19:30
,,49331,,Tuesday,9:00,17:00
,,49331,,Wednesday,9:00,17:00
,,49331,,Thursday,9:00,17:00
,,49331,,Friday,9:00,14:00
,,49331,,Saturday,,
,,49321,,Sunday,,
,,49321,,Monday,9:00,17:00
,,49321,,Tuesday,9:00,17:00
,,49321,,Wednesday,9:00,17:00
,,49321,,Thursday,9:00,17:00
,,49321,,Friday,9:00,17:00
,,49321,,Saturday,,
,,38441,,Sunday,,
,,38441,,Monday,10:00,17:00
,,38441,,Tuesday,10:00,19:00
,,38441,,Wednesday,10:00,17:00
,,38441,,Thursday,10:00,19:00
,,38441,,Friday,10:00,17:00
,,38441,,Saturday,10:00,13:00
,,38381,,Sunday,13:00,21:00
,,38381,,Monday,8:00,21:00
,,38381,,Tuesday,8:00,21:00
,,38381,,Wednesday,8:00,21:00
,,38381,,Thursday,8:00,21:00
,,38381,,Friday,8:00,18:00
,,38381,,Saturday,9:00,17:00
,,37801,,Sunday,,
,,37801,,Monday,9:00,19:00
,,37801,,Tuesday,9:00,19:00
,,37801,,Wednesday,9:00,19:00
,,37801,,Thursday,9:00,19:00
,,37801,,Friday,9:00,18:00
,,37801,,Saturday,9:00,13:00
,,37756,,Sunday,,
,,37756,,Monday,9:00,20:00
,,37756,,Tuesday,9:00,20:00
,,37756,,Wednesday,9:00,20:00
,,37756,,Thursday,21:00,20:00
,,37756,,Friday,9:00,18:00
,,37756,,Saturday,9:00,17:00
,,37361,,Sunday,,
,,37361,,Monday,9:00,12:00
,,37361,,Tuesday,,
,,37361,,Wednesday,9:00,12:00
,,37361,,Thursday,,
,,37361,,Friday,9:00,12:00
,,37361,,Saturday,9:00,12:00
,,37351,,Sunday,,
,,37351,,Monday,12:00,18:00
,,37351,,Tuesday,12:00,18:00
,,37351,,Wednesday,12:00,18:00
,,37351,,Thursday,,
,,37351,,Friday,12:00,17:00
,,37351,,Saturday,10:00,14:00
,,37341,,Sunday,,
,,37341,,Monday,10:00,20:00
,,37341,,Tuesday,10:00,20:00
,,37341,,Wednesday,10:00,20:00
,,37341,,Thursday,10:00,20:00
,,37341,,Friday,10:00,17:00
,,37341,,Saturday,10:00,15:00
,,37276,,Sunday,,
,,37276,,Monday,13:00,19:00
,,37276,,Tuesday,13:00,18:00
,,37276,,Wednesday,13:00,19:00
,,37276,,Thursday,13:00,18:00
,,37276,,Friday,13:00,18:00
,,37276,,Saturday,9:00,12:00
,,37266,,Sunday,,
,,37266,,Monday,9:30,20:00
,,37266,,Tuesday,9:30,18:00
,,37266,,Wednesday,9:30,18:00
,,37266,,Thursday,9:30,18:00
,,37266,,Friday,9:30,18:00
,,37266,,Saturday,9:00,15:00
,,36841,,Sunday,12:00,16:00
,,36841,,Monday,13:00,20:00
,,36841,,Tuesday,10:00,20:00
,,36841,,Wednesday,10:00,20:00
,,36841,,Thursday,10:00,20:00
,,36841,,Friday,,
,,36841,,Saturday,10:00,14:00
,,36786,,Sunday,,
,,36786,,Monday,9:00,21:00
,,36786,,Tuesday,9:00,21:00
,,36786,,Wednesday,9:00,21:00
,,36786,,Thursday,9:00,21:00
,,36786,,Friday,9:00,17:00
,,36786,,Saturday,9:00,17:00
,,36771,,Sunday,13:00,17:00
,,36771,,Monday,9:00,21:00
,,36771,,Tuesday,9:00,21:00
,,36771,,Wednesday,9:00,21:00
,,36771,,Thursday,9:00,21:00
,,36771,,Friday,9:00,18:00
,,36771,,Saturday,9:00,17:00
,,36746,,Sunday,13:00,17:00
,,36746,,Monday,9:00,20:00
,,36746,,Tuesday,9:00,20:00
,,36746,,Wednesday,9:00,20:00
,,36746,,Thursday,9:00,20:00
,,36746,,Friday,9:00,18:00
,,36746,,Saturday,9:00,17:00
,,36716,,Sunday,,
,,36716,,Monday,9:00,20:00
,,36716,,Tuesday,9:00,20:00
,,36716,,Wednesday,9:00,20:00
,,36716,,Thursday,9:00,20:00
,,36716,,Friday,9:00,18:00
,,36716,,Saturday,9:00,16:00
,,36701,,Sunday,,
,,36701,,Monday,,
,,36701,,Tuesday,10:00,19:00
,,36701,,Wednesday,10:00,17:30
,,36701,,Thursday,10:00,19:00
,,36701,,Friday,10:00,17:30
,,36701,,Saturday,9:00,12:00
,,36686,,Sunday,,
,,36686,,Monday,10:00,16:30
,,36686,,Tuesday,10:00,18:00
,,36686,,Wednesday,10:00,16:30
,,36686,,Thursday,10:00,18:00
,,36686,,Friday,10:00,16:30
,,36686,,Saturday,,
,,36646,,Sunday,,
,,36646,,Monday,,
,,36646,,Tuesday,12:00,17:00
,,36646,,Wednesday,12:00,17:00
,,36646,,Thursday,12:00,17:00
,,36646,,Friday,,
,,36646,,Saturday,9:00,12:00
,,36621,,Sunday,,
,,36621,,Monday,9:00,11:00
,,36621,,Tuesday,13:00,17:00
,,36621,,Wednesday,13:00,17:00
,,36621,,Thursday,13:00,17:00
,,36621,,Friday,,
,,36621,,Saturday,9:00,12:00
,,36546,,Sunday,12:00,16:00
,,36546,,Monday,10:00,19:00
,,36546,,Tuesday,10:00,19:00
,,36546,,Wednesday,10:00,19:00
,,36546,,Thursday,10:00,19:00
,,36546,,Friday,,
,,36546,,Saturday,,
,,36531,,Sunday,13:00,17:00
,,36531,,Monday,9:00,21:00
,,36531,,Tuesday,9:00,21:00
,,36531,,Wednesday,9:00,21:00
,,36531,,Thursday,9:00,21:00
,,36531,,Friday,9:00,17:00
,,36531,,Saturday,9:00,17:00
,,36511,,Sunday,,
,,36511,,Monday,9:00,20:00
,,36511,,Tuesday,9:00,20:00
,,36511,,Wednesday,9:00,20:00
,,36511,,Thursday,9:00,20:00
,,36511,,Friday,9:00,17:00
,,36511,,Saturday,10:00,16:00
,,36501,,Sunday,,
,,36501,,Monday,9:30,16:00
,,36501,,Tuesday,9:30,19:00
,,36501,,Wednesday,9:30,16:00
,,36501,,Thursday,9:30,19:00
,,36501,,Friday,9:30,14:00
,,36501,,Saturday,9:30,14:00
,,36446,,Sunday,,
,,36446,,Monday,9:00,20:00
,,36446,,Tuesday,9:00,20:00
,,36446,,Wednesday,9:00,20:00
,,36446,,Thursday,9:00,20:00
,,36446,,Friday,9:00,18:00
,,36446,,Saturday,9:00,13:00
,,36431,,Sunday,,
,,36431,,Monday,9:00,18:00
,,36431,,Tuesday,9:00,18:00
,,36431,,Wednesday,9:00,18:00
,,36431,,Thursday,9:00,18:00
,,36431,,Friday,9:00,18:00
,,36431,,Saturday,10:00,16:00
,,36406,,Sunday,,
,,36406,,Monday,10:00,19:00
,,36406,,Tuesday,10:00,19:00
,,36406,,Wednesday,10:00,19:00
,,36406,,Thursday,10:00,19:00
,,36406,,Friday,10:00,17:30
,,36406,,Saturday,10:00,5:30
,,36171,,Sunday,,
,,36171,,Monday,9:00,16:00
,,36171,,Tuesday,,
,,36171,,Wednesday,9:00,16:00
,,36171,,Thursday,9:00,16:00
,,36171,,Friday,9:00,16:00
,,36171,,Saturday,,
,,36166,,Sunday,,
,,36166,,Monday,10:00,20:00
,,36166,,Tuesday,10:00,20:00
,,36166,,Wednesday,22:00,20:00
,,36166,,Thursday,22:00,20:00
,,36166,,Friday,10:00,18:00
,,36166,,Saturday,10:00,15:00
,,36156,,Sunday,,
,,36156,,Monday,11:00,19:00
,,36156,,Tuesday,11:00,19:00
,,36156,,Wednesday,11:00,19:00
,,36156,,Thursday,11:00,19:00
,,36156,,Friday,13:00,18:00
,,36156,,Saturday,9:00,13:00
,,36146,,Sunday,,
,,36146,,Monday,,
,,36146,,Tuesday,10:00,19:00
,,36146,,Wednesday,10:00,19:00
,,36146,,Thursday,10:00,19:00
,,36146,,Friday,15:00,17:00
,,36146,,Saturday,9:00,13:00
,,36136,,Sunday,,
,,36136,,Monday,10:00,16:00
,,36136,,Tuesday,13:00,20:00
,,36136,,Wednesday,10:00,16:00
,,36136,,Thursday,13:00,20:00
,,36136,,Friday,13:00,18:00
,,36136,,Saturday,9:00,12:00
,,36126,,Sunday,,
,,36126,,Monday,9:00,16:00
,,36126,,Tuesday,9:00,16:00
,,36126,,Wednesday,9:00,16:00
,,36126,,Thursday,9:00,16:00
,,36126,,Friday,,
,,36126,,Saturday,,
,,36111,,Sunday,,
,,36111,,Monday,13:00,17:00
,,36111,,Tuesday,,
,,36111,,Wednesday,,
,,36111,,Thursday,13:00,17:00
,,36111,,Friday,13:00,17:00
,,36111,,Saturday,10:00,14:00
,,35981,,Sunday,,
,,35981,,Monday,9:00,16:00
,,35981,,Tuesday,9:00,16:00
,,35981,,Wednesday,9:00,16:00
,,35981,,Thursday,9:00,16:00
,,35981,,Friday,9:00,16:00
,,35981,,Saturday,9:00,12:00
,,34986,,Sunday,,
,,34986,,Monday,9:00,20:30
,,34986,,Tuesday,9:00,20:30
,,34986,,Wednesday,9:00,20:30
,,34986,,Thursday,9:00,20:30
,,34986,,Friday,9:00,17:00
,,34986,,Saturday,9:00,16:00
,,34971,,Sunday,,
,,34971,,Monday,9:00,12:00
,,34971,,Tuesday,9:00,12:00
,,34971,,Wednesday,9:00,12:00
,,34971,,Thursday,9:00,12:00
,,34971,,Friday,9:00,12:00
,,34971,,Saturday,9:00,12:00
,,34956,,Sunday,,
,,34956,,Monday,11:00,18:00
,,34956,,Tuesday,11:00,18:00
,,34956,,Wednesday,11:00,18:00
,,34956,,Thursday,11:00,18:00
,,34956,,Friday,11:00,18:00
,,34956,,Saturday,9:00,13:00
,,34921,,Sunday,,
,,34921,,Monday,9:00,17:00
,,34921,,Tuesday,9:00,17:00
,,34921,,Wednesday,10:00,20:00
,,34921,,Thursday,10:00,20:00
,,34921,,Friday,8:00,17:00
,,34921,,Saturday,8:00,12:00
,,33846,,Sunday,,
,,33846,,Monday,,
,,33846,,Tuesday,,
,,33846,,Wednesday,9:00,12:00
,,33846,,Thursday,,
,,33846,,Friday,,
,,33846,,Saturday,,
,,32771,,Sunday,,
,,32771,,Monday,12:00,19:00
,,32771,,Tuesday,12:00,19:00
,,32771,,Wednesday,12:00,18:00
,,32771,,Thursday,12:00,18:00
,,32771,,Friday,11:00,17:00
,,32771,,Saturday,9:00,13:00
,,32766,,Sunday,,
,,32766,,Monday,11:00,18:30
,,32766,,Tuesday,11:00,18:30
,,32766,,Wednesday,11:00,17:00
,,32766,,Thursday,23:00,17:00
,,32766,,Friday,23:00,17:00
,,32766,,Saturday,23:00,17:00
,,31396,,Sunday,,
,,31396,,Monday,8:30,17:00
,,31396,,Tuesday,8:30,17:00
,,31396,,Wednesday,8:30,17:00
,,31396,,Thursday,8:30,17:00
,,31396,,Friday,8:30,17:00
,,31396,,Saturday,,
,,30241,,Sunday,,
,,30241,,Monday,8:30,16:00
,,30241,,Tuesday,8:30,16:00
,,30241,,Wednesday,,
,,30241,,Thursday,13:00,16:00
,,30241,,Friday,,
,,30241,,Saturday,,
,,30041,,Sunday,,
,,30041,,Monday,9:00,17:00
,,30041,,Tuesday,9:00,17:00
,,30041,,Wednesday,,
,,30041,,Thursday,,
,,30041,,Friday,9:00,17:00
,,30041,,Saturday,,
,,30011,,Sunday,,
,,30011,,Monday,9:00,17:00
,,30011,,Tuesday,9:00,17:00
,,30011,,Wednesday,,
,,30011,,Thursday,9:00,17:00
,,30011,,Friday,,
,,30011,,Saturday,,
,,30001,,Sunday,,
,,30001,,Monday,,
,,30001,,Tuesday,9:00,17:00
,,30001,,Wednesday,,
,,30001,,Thursday,9:00,17:00
,,30001,,Friday,9:00,17:00
,,30001,,Saturday,,
,,29986,,Sunday,,
,,29986,,Monday,9:00,17:00
,,29986,,Tuesday,9:00,17:00
,,29986,,Wednesday,,
,,29986,,Thursday,,
,,29986,,Friday,9:00,17:00
,,29986,,Saturday,,
,,29971,,Sunday,,
,,29971,,Monday,9:00,17:00
,,29971,,Tuesday,9:00,17:00
,,29971,,Wednesday,,
,,29971,,Thursday,,
,,29971,,Friday,,
,,29971,,Saturday,,
,,29956,,Sunday,,
,,29956,,Monday,9:00,17:00
,,29956,,Tuesday,,
,,29956,,Wednesday,,
,,29956,,Thursday,9:00,17:00
,,29956,,Friday,9:00,17:00
,,29956,,Saturday,,
,,29501,,Sunday,,
,,29501,,Monday,9:00,17:00
,,29501,,Tuesday,9:00,17:00
,,29501,,Wednesday,9:00,17:00
,,29501,,Thursday,9:00,17:00
,,29501,,Friday,9:00,18:00
,,29501,,Saturday,,
,,29391,,Sunday,,
,,29391,,Monday,8:30,12:00
,,29391,,Tuesday,8:30,12:00
,,29391,,Wednesday,8:30,12:00
,,29391,,Thursday,8:30,12:00
,,29391,,Friday,8:30,12:00
,,29391,,Saturday,,
,,29116,,Sunday,,
,,29116,,Monday,8:30,17:00
,,29116,,Tuesday,8:30,20:00
,,29116,,Wednesday,8:30,20:00
,,29116,,Thursday,8:30,20:00
,,29116,,Friday,8:30,17:00
,,29116,,Saturday,,
,,28866,,Sunday,,
,,28866,,Monday,8:30,17:00
,,28866,,Tuesday,8:30,21:00
,,28866,,Wednesday,8:30,21:00
,,28866,,Thursday,8:30,21:00
,,28866,,Friday,8:30,17:00
,,28866,,Saturday,,
,,28716,,Sunday,,
,,28716,,Monday,,
,,28716,,Tuesday,,
,,28716,,Wednesday,,
,,28716,,Thursday,,
,,28716,,Friday,,
,,28716,,Saturday,10:00,12:00
,,28481,,Sunday,,
,,28481,,Monday,9:00,17:00
,,28481,,Tuesday,9:00,17:00
,,28481,,Wednesday,9:00,17:00
,,28481,,Thursday,9:00,17:00
,,28481,,Friday,9:00,17:00
,,28481,,Saturday,,
,,27801,,Sunday,,
,,27801,,Monday,8:00,17:00
,,27801,,Tuesday,8:00,17:00
,,27801,,Wednesday,8:00,17:00
,,27801,,Thursday,8:00,17:00
,,27801,,Friday,8:00,17:00
,,27801,,Saturday,,
,,27806,,Sunday,,
,,27806,,Monday,8:30,20:00
,,27806,,Tuesday,8:30,20:00
,,27806,,Wednesday,8:30,18:00
,,27806,,Thursday,8:30,20:00
,,27806,,Friday,8:30,18:00
,,27806,,Saturday,9:00,13:00
,,27811,,Sunday,,
,,27811,,Monday,9:00,17:00
,,27811,,Tuesday,9:00,17:00
,,27811,,Wednesday,9:00,17:00
,,27811,,Thursday,9:00,17:00
,,27811,,Friday,9:00,17:00
,,27811,,Saturday,,
,,27816,,Sunday,,
,,27816,,Monday,9:00,17:00
,,27816,,Tuesday,9:00,17:00
,,27816,,Wednesday,9:00,17:00
,,27816,,Thursday,9:00,17:00
,,27816,,Friday,9:00,17:00
,,27816,,Saturday,,
,,27551,,Sunday,13:00,17:00
,,27551,,Monday,9:00,20:00
,,27551,,Tuesday,9:00,20:00
,,27551,,Wednesday,9:00,20:00
,,27551,,Thursday,9:00,20:00
,,27551,,Friday,9:00,20:00
,,27551,,Saturday,10:00,18:00
,,27561,,Sunday,,
,,27561,,Monday,9:00,17:00
,,27561,,Tuesday,9:00,17:00
,,27561,,Wednesday,9:00,17:00
,,27561,,Thursday,9:00,17:00
,,27561,,Friday,9:00,17:00
,,27561,,Saturday,,
,,27571,,Sunday,,
,,27571,,Monday,13:00,18:00
,,27571,,Tuesday,13:00,17:00
,,27571,,Wednesday,13:00,19:00
,,27571,,Thursday,13:00,19:00
,,27571,,Friday,13:00,17:00
,,27571,,Saturday,10:00,12:00
,,27576,,Sunday,,
,,27576,,Monday,9:00,16:30
,,27576,,Tuesday,9:00,16:30
,,27576,,Wednesday,9:00,16:30
,,27576,,Thursday,9:00,16:30
,,27576,,Friday,9:00,16:30
,,27576,,Saturday,,
,,27601,,Sunday,,
,,27601,,Monday,9:00,19:00
,,27601,,Tuesday,9:00,19:00
,,27601,,Wednesday,9:00,19:00
,,27601,,Thursday,9:00,19:00
,,27601,,Friday,9:00,19:00
,,27601,,Saturday,9:00,13:00
,,27616,,Sunday,,
,,27616,,Monday,9:00,17:00
,,27616,,Tuesday,9:00,17:00
,,27616,,Wednesday,9:00,17:00
,,27616,,Thursday,9:00,17:00
,,27616,,Friday,9:00,17:00
,,27616,,Saturday,,
,,27621,,Sunday,,
,,27621,,Monday,9:00,16:00
,,27621,,Tuesday,9:00,16:00
,,27621,,Wednesday,9:00,16:00
,,27621,,Thursday,9:00,16:00
,,27621,,Friday,9:00,16:00
,,27621,,Saturday,,
,,27626,,Sunday,,
,,27626,,Monday,10:00,17:00
,,27626,,Tuesday,10:00,21:00
,,27626,,Wednesday,10:00,21:00
,,27626,,Thursday,10:00,21:00
,,27626,,Friday,10:00,17:00
,,27626,,Saturday,10:00,15:00
,,27631,,Sunday,,
,,27631,,Monday,9:00,21:00
,,27631,,Tuesday,9:00,21:00
,,27631,,Wednesday,9:00,21:00
,,27631,,Thursday,9:00,21:00
,,27631,,Friday,9:00,18:00
,,27631,,Saturday,9:00,17:00
,,27646,,Sunday,,
,,27646,,Monday,13:00,17:00
,,27646,,Tuesday,8:30,12:30
,,27646,,Wednesday,13:00,17:00
,,27646,,Thursday,13:00,17:00
,,27646,,Friday,8:30,12:30
,,27646,,Saturday,,
,,27671,,Sunday,,
,,27671,,Monday,9:00,17:00
,,27671,,Tuesday,9:00,17:00
,,27671,,Wednesday,9:00,17:00
,,27671,,Thursday,9:00,17:00
,,27671,,Friday,9:00,17:00
,,27671,,Saturday,,
,,27711,,Sunday,,
,,27711,,Monday,10:00,18:00
,,27711,,Tuesday,10:00,18:00
,,27711,,Wednesday,10:00,18:00
,,27711,,Thursday,10:00,18:00
,,27711,,Friday,10:00,18:00
,,27711,,Saturday,10:00,15:00
,,27726,,Sunday,,
,,27726,,Monday,9:30,17:00
,,27726,,Tuesday,9:30,17:00
,,27726,,Wednesday,9:30,17:00
,,27726,,Thursday,9:30,17:00
,,27726,,Friday,9:30,17:00
,,27726,,Saturday,,
,,27731,,Sunday,,
,,27731,,Monday,9:00,20:00
,,27731,,Tuesday,9:00,20:00
,,27731,,Wednesday,9:00,20:00
,,27731,,Thursday,9:00,20:00
,,27731,,Friday,9:00,17:30
,,27731,,Saturday,9:00,17:30
,,27746,,Sunday,,
,,27746,,Monday,10:00,18:00
,,27746,,Tuesday,10:00,18:00
,,27746,,Wednesday,10:00,18:00
,,27746,,Thursday,10:00,18:00
,,27746,,Friday,10:00,18:00
,,27746,,Saturday,10:00,18:00
,,27751,,Sunday,,
,,27751,,Monday,8:00,18:00
,,27751,,Tuesday,8:00,18:00
,,27751,,Wednesday,8:00,18:00
,,27751,,Thursday,8:00,18:00
,,27751,,Friday,8:00,17:00
,,27751,,Saturday,8:00,17:00
,,27756,,Sunday,,
,,27756,,Monday,10:00,19:00
,,27756,,Tuesday,10:00,19:00
,,27756,,Wednesday,10:00,19:00
,,27756,,Thursday,10:00,19:00
,,27756,,Friday,10:00,19:00
,,27756,,Saturday,10:00,14:00
,,27761,,Sunday,,
,,27761,,Monday,10:00,18:00
,,27761,,Tuesday,10:00,18:00
,,27761,,Wednesday,10:00,18:00
,,27761,,Thursday,10:00,18:00
,,27761,,Friday,10:00,14:00
,,27761,,Saturday,10:00,14:00
,,27771,,Sunday,,
,,27771,,Monday,9:00,11:00
,,27771,,Tuesday,9:00,11:00
,,27771,,Wednesday,9:00,11:00
,,27771,,Thursday,9:00,11:00
,,27771,,Friday,9:00,11:00
,,27771,,Saturday,,
,,27776,,Sunday,,
,,27776,,Monday,10:00,19:00
,,27776,,Tuesday,10:00,19:00
,,27776,,Wednesday,10:00,19:00
,,27776,,Thursday,10:00,19:00
,,27776,,Friday,10:00,18:00
,,27776,,Saturday,11:00,17:00
,,27781,,Sunday,,
,,27781,,Monday,10:00,20:00
,,27781,,Tuesday,14:00,20:00
,,27781,,Wednesday,10:00,20:00
,,27781,,Thursday,14:00,20:00
,,27781,,Friday,14:00,17:00
,,27781,,Saturday,10:00,15:00
,,27786,,Sunday,,
,,27786,,Monday,8:45,12:45
,,27786,,Tuesday,8:45,12:45
,,27786,,Wednesday,8:45,12:45
,,27786,,Thursday,8:45,12:45
,,27786,,Friday,8:45,12:00
,,27786,,Saturday,,
,,27791,,Sunday,,
,,27791,,Monday,8:30,16:30
,,27791,,Tuesday,8:30,16:30
,,27791,,Wednesday,8:30,16:30
,,27791,,Thursday,8:30,16:30
,,27791,,Friday,8:30,16:30
,,27791,,Saturday,,
,,27796,,Sunday,,
,,27796,,Monday,9:00,20:00
,,27796,,Tuesday,9:00,20:00
,,27796,,Wednesday,9:00,20:00
,,27796,,Thursday,9:00,20:00
,,27796,,Friday,9:00,17:00
,,27796,,Saturday,9:00,17:00
,,27301,,Sunday,,
,,27301,,Monday,9:00,18:00
,,27301,,Tuesday,9:00,18:00
,,27301,,Wednesday,9:00,21:00
,,27301,,Thursday,9:00,18:00
,,27301,,Friday,9:00,18:00
,,27301,,Saturday,9:00,18:00
,,27306,,Sunday,,
,,27306,,Monday,9:00,13:00
,,27306,,Tuesday,9:00,13:00
,,27306,,Wednesday,9:00,13:00
,,27306,,Thursday,9:00,13:00
,,27306,,Friday,9:00,13:00
,,27306,,Saturday,,
,,27311,,Sunday,,
,,27311,,Monday,8:30,16:30
,,27311,,Tuesday,8:30,16:30
,,27311,,Wednesday,8:30,16:30
,,27311,,Thursday,8:30,16:30
,,27311,,Friday,8:30,16:30
,,27311,,Saturday,,
,,27316,,Sunday,,
,,27316,,Monday,,
,,27316,,Tuesday,10:00,20:00
,,27316,,Wednesday,10:00,17:00
,,27316,,Thursday,10:00,20:00
,,27316,,Friday,10:00,17:00
,,27316,,Saturday,9:00,13:00
,,27321,,Sunday,,
,,27321,,Monday,9:00,18:00
,,27321,,Tuesday,9:00,19:00
,,27321,,Wednesday,9:00,18:00
,,27321,,Thursday,9:00,19:00
,,27321,,Friday,9:00,18:00
,,27321,,Saturday,9:00,18:00
,,27341,,Sunday,,
,,27341,,Monday,10:00,20:30
,,27341,,Tuesday,10:00,20:30
,,27341,,Wednesday,10:00,20:30
,,27341,,Thursday,10:00,20:30
,,27341,,Friday,10:00,17:00
,,27341,,Saturday,10:00,4:00
,,27346,,Sunday,,
,,27346,,Monday,9:30,17:00
,,27346,,Tuesday,9:30,19:30
,,27346,,Wednesday,9:30,19:30
,,27346,,Thursday,9:30,19:30
,,27346,,Friday,9:30,17:00
,,27346,,Saturday,9:30,13:00
,,27351,,Sunday,,
,,27351,,Monday,9:00,21:00
,,27351,,Tuesday,9:00,21:00
,,27351,,Wednesday,9:00,21:00
,,27351,,Thursday,9:00,21:00
,,27351,,Friday,9:00,18:00
,,27351,,Saturday,9:00,17:00
,,27356,,Sunday,,
,,27356,,Monday,8:30,20:00
,,27356,,Tuesday,8:30,20:00
,,27356,,Wednesday,8:30,20:00
,,27356,,Thursday,8:30,20:00
,,27356,,Friday,8:00,17:00
,,27356,,Saturday,9:00,14:00
,,27366,,Sunday,,
,,27366,,Monday,8:30,17:00
,,27366,,Tuesday,8:30,17:00
,,27366,,Wednesday,8:30,17:00
,,27366,,Thursday,8:30,17:00
,,27366,,Friday,8:30,17:00
,,27366,,Saturday,,
,,27376,,Sunday,,
,,27376,,Monday,9:00,17:00
,,27376,,Tuesday,9:00,17:00
,,27376,,Wednesday,9:00,17:00
,,27376,,Thursday,9:00,17:00
,,27376,,Friday,9:00,17:00
,,27376,,Saturday,,
,,27381,,Sunday,,
,,27381,,Monday,9:00,17:00
,,27381,,Tuesday,9:00,17:00
,,27381,,Wednesday,9:00,17:00
,,27381,,Thursday,9:00,17:00
,,27381,,Friday,9:00,17:00
,,27381,,Saturday,,
,,27391,,Sunday,,
,,27391,,Monday,9:00,15:00
,,27391,,Tuesday,9:00,15:00
,,27391,,Wednesday,9:00,15:00
,,27391,,Thursday,9:00,15:00
,,27391,,Friday,9:00,15:00
,,27391,,Saturday,,
,,27416,,Sunday,,
,,27416,,Monday,8:30,16:30
,,27416,,Tuesday,8:30,16:30
,,27416,,Wednesday,8:30,16:30
,,27416,,Thursday,8:30,16:30
,,27416,,Friday,8:30,16:30
,,27416,,Saturday,,
,,27436,,Sunday,,
,,27436,,Monday,9:00,17:00
,,27436,,Tuesday,9:00,17:00
,,27436,,Wednesday,9:00,17:00
,,27436,,Thursday,9:00,17:00
,,27436,,Friday,9:00,17:00
,,27436,,Saturday,,
,,27441,,Sunday,,
,,27441,,Monday,8:30,17:00
,,27441,,Tuesday,8:30,17:00
,,27441,,Wednesday,8:30,17:00
,,27441,,Thursday,8:30,17:00
,,27441,,Friday,8:30,17:00
,,27441,,Saturday,,
,,27446,,Sunday,,
,,27446,,Monday,12:00,18:00
,,27446,,Tuesday,12:00,17:00
,,27446,,Wednesday,12:00,18:00
,,27446,,Thursday,12:00,17:00
,,27446,,Friday,10:00,13:00
,,27446,,Saturday,9:00,13:00
,,27456,,Sunday,13:00,17:00
,,27456,,Monday,9:00,21:00
,,27456,,Tuesday,9:00,18:00
,,27456,,Wednesday,9:00,18:00
,,27456,,Thursday,9:00,21:00
,,27456,,Friday,9:00,18:00
,,27456,,Saturday,9:00,17:00
,,27461,,Sunday,,
,,27461,,Monday,10:00,17:30
,,27461,,Tuesday,13:00,20:00
,,27461,,Wednesday,10:00,17:30
,,27461,,Thursday,13:00,20:00
,,27461,,Friday,10:00,17:30
,,27461,,Saturday,10:00,15:00
,,27466,,Sunday,,
,,27466,,Monday,9:00,17:00
,,27466,,Tuesday,9:00,17:00
,,27466,,Wednesday,13:00,17:00
,,27466,,Thursday,9:00,13:00
,,27466,,Friday,13:00,17:00
,,27466,,Saturday,9:00,12:00
,,27486,,Sunday,,
,,27486,,Monday,9:00,16:00
,,27486,,Tuesday,9:00,16:00
,,27486,,Wednesday,9:00,16:00
,,27486,,Thursday,9:00,16:00
,,27486,,Friday,9:00,16:00
,,27486,,Saturday,,
,,27496,,Sunday,,
,,27496,,Monday,9:00,17:00
,,27496,,Tuesday,9:00,17:00
,,27496,,Wednesday,9:00,17:00
,,27496,,Thursday,9:00,17:00
,,27496,,Friday,9:00,17:00
,,27496,,Saturday,,
,,27501,,Sunday,,
,,27501,,Monday,,
,,27501,,Tuesday,15:00,18:00
,,27501,,Wednesday,15:00,18:00
,,27501,,Thursday,15:00,18:00
,,27501,,Friday,3:00,18:00
,,27501,,Saturday,10:00,13:00
,,27506,,Sunday,,
,,27506,,Monday,8:30,16:30
,,27506,,Tuesday,8:30,16:30
,,27506,,Wednesday,8:30,16:30
,,27506,,Thursday,8:30,16:30
,,27506,,Friday,8:30,16:30
,,27506,,Saturday,,
,,27516,,Sunday,,
,,27516,,Monday,10:00,19:00
,,27516,,Tuesday,10:00,19:00
,,27516,,Wednesday,10:00,19:00
,,27516,,Thursday,10:00,19:00
,,27516,,Friday,10:00,17:00
,,27516,,Saturday,8:00,13:00
,,27526,,Sunday,,
,,27526,,Monday,9:00,17:00
,,27526,,Tuesday,9:00,17:00
,,27526,,Wednesday,9:00,17:00
,,27526,,Thursday,9:00,17:00
,,27526,,Friday,9:00,17:00
,,27526,,Saturday,,
,,27531,,Sunday,,
,,27531,,Monday,10:00,19:00
,,27531,,Tuesday,10:00,19:00
,,27531,,Wednesday,10:00,19:00
,,27531,,Thursday,10:00,19:00
,,27531,,Friday,10:00,17:00
,,27531,,Saturday,10:00,17:00
,,27536,,Sunday,,
,,27536,,Monday,8:00,16:30
,,27536,,Tuesday,8:00,16:30
,,27536,,Wednesday,8:00,16:30
,,27536,,Thursday,8:00,16:30
,,27536,,Friday,8:00,16:30
,,27536,,Saturday,,
,,27056,,Sunday,,
,,27056,,Monday,9:00,17:00
,,27056,,Tuesday,9:00,17:00
,,27056,,Wednesday,9:00,17:00
,,27056,,Thursday,9:00,17:00
,,27056,,Friday,9:00,17:00
,,27056,,Saturday,,
,,27071,,Sunday,,
,,27071,,Monday,9:00,17:00
,,27071,,Tuesday,9:00,17:00
,,27071,,Wednesday,9:00,17:00
,,27071,,Thursday,9:00,17:00
,,27071,,Friday,9:00,17:00
,,27071,,Saturday,,
,,27091,,Sunday,,
,,27091,,Monday,8:30,16:30
,,27091,,Tuesday,8:30,16:30
,,27091,,Wednesday,8:30,16:30
,,27091,,Thursday,8:30,16:30
,,27091,,Friday,8:30,4:30
,,27091,,Saturday,,
,,27096,,Sunday,,
,,27096,,Monday,10:00,19:00
,,27096,,Tuesday,10:00,19:00
,,27096,,Wednesday,10:00,19:00
,,27096,,Thursday,10:00,19:00
,,27096,,Friday,10:00,17:00
,,27096,,Saturday,10:00,16:00
,,27101,,Sunday,,
,,27101,,Monday,9:00,20:00
,,27101,,Tuesday,9:00,20:00
,,27101,,Wednesday,9:00,20:00
,,27101,,Thursday,9:00,20:00
,,27101,,Friday,9:00,17:00
,,27101,,Saturday,9:00,17:00
,,27106,,Sunday,,
,,27106,,Monday,8:00,16:30
,,27106,,Tuesday,8:00,16:30
,,27106,,Wednesday,8:00,16:30
,,27106,,Thursday,8:00,16:30
,,27106,,Friday,8:00,16:30
,,27106,,Saturday,,
,,27111,,Sunday,,
,,27111,,Monday,8:00,17:00
,,27111,,Tuesday,8:00,17:00
,,27111,,Wednesday,8:00,17:00
,,27111,,Thursday,8:00,17:00
,,27111,,Friday,8:00,17:00
,,27111,,Saturday,,
,,27116,,Sunday,,
,,27116,,Monday,8:00,17:00
,,27116,,Tuesday,8:00,17:00
,,27116,,Wednesday,8:00,17:00
,,27116,,Thursday,8:00,17:00
,,27116,,Friday,8:00,17:00
,,27116,,Saturday,,
,,27131,,Sunday,,
,,27131,,Monday,8:00,16:30
,,27131,,Tuesday,8:00,16:30
,,27131,,Wednesday,8:00,16:30
,,27131,,Thursday,8:00,16:30
,,27131,,Friday,8:00,16:30
,,27131,,Saturday,,
,,27151,,Sunday,,
,,27151,,Monday,9:00,17:00
,,27151,,Tuesday,9:00,17:00
,,27151,,Wednesday,9:00,17:00
,,27151,,Thursday,9:00,17:00
,,27151,,Friday,9:00,17:00
,,27151,,Saturday,,
,,27156,,Sunday,,
,,27156,,Monday,10:00,17:00
,,27156,,Tuesday,10:00,19:00
,,27156,,Wednesday,10:00,17:00
,,27156,,Thursday,10:00,19:00
,,27156,,Friday,10:00,17:00
,,27156,,Saturday,10:00,15:00
,,27161,,Sunday,,
,,27161,,Monday,9:00,17:00
,,27161,,Tuesday,9:00,17:00
,,27161,,Wednesday,9:00,17:00
,,27161,,Thursday,9:00,17:00
,,27161,,Friday,9:00,17:00
,,27161,,Saturday,,
,,27166,,Sunday,,
,,27166,,Monday,9:00,17:00
,,27166,,Tuesday,9:00,17:00
,,27166,,Wednesday,9:00,17:00
,,27166,,Thursday,9:00,17:00
,,27166,,Friday,9:00,17:00
,,27166,,Saturday,,
,,27176,,Sunday,,
,,27176,,Monday,9:00,20:00
,,27176,,Tuesday,9:00,20:00
,,27176,,Wednesday,9:00,20:00
,,27176,,Thursday,9:00,20:00
,,27176,,Friday,9:00,17:00
,,27176,,Saturday,9:00,17:00
,,27186,,Sunday,,
,,27186,,Monday,9:00,17:00
,,27186,,Tuesday,9:00,17:00
,,27186,,Wednesday,9:00,17:00
,,27186,,Thursday,9:00,17:00
,,27186,,Friday,9:00,17:00
,,27186,,Saturday,,
,,27191,,Sunday,,
,,27191,,Monday,9:00,17:00
,,27191,,Tuesday,9:00,17:00
,,27191,,Wednesday,9:00,17:00
,,27191,,Thursday,9:00,17:00
,,27191,,Friday,9:00,17:00
,,27191,,Saturday,,
,,27196,,Sunday,,
,,27196,,Monday,9:00,17:00
,,27196,,Tuesday,9:00,17:00
,,27196,,Wednesday,9:00,17:00
,,27196,,Thursday,9:00,17:00
,,27196,,Friday,9:00,17:00
,,27196,,Saturday,,
,,27201,,Sunday,,
,,27201,,Monday,9:00,17:00
,,27201,,Tuesday,9:00,17:00
,,27201,,Wednesday,9:00,17:00
,,27201,,Thursday,9:00,17:00
,,27201,,Friday,9:00,17:00
,,27201,,Saturday,,
,,27206,,Sunday,,
,,27206,,Monday,9:00,19:00
,,27206,,Tuesday,9:00,19:00
,,27206,,Wednesday,9:00,19:00
,,27206,,Thursday,9:00,19:00
,,27206,,Friday,9:00,17:00
,,27206,,Saturday,,
,,27216,,Sunday,,
,,27216,,Monday,9:00,17:00
,,27216,,Tuesday,9:00,19:00
,,27216,,Wednesday,9:00,17:00
,,27216,,Thursday,9:00,19:00
,,27216,,Friday,9:00,17:00
,,27216,,Saturday,9:00,13:00
,,27256,,Sunday,,
,,27256,,Monday,8:30,12:00
,,27256,,Tuesday,8:30,12:00
,,27256,,Wednesday,8:30,12:00
,,27256,,Thursday,8:30,12:00
,,27256,,Friday,8:30,12:00
,,27256,,Saturday,,
,,27261,,Sunday,13:00,16:00
,,27261,,Monday,9:00,20:00
,,27261,,Tuesday,9:00,20:00
,,27261,,Wednesday,9:00,20:00
,,27261,,Thursday,9:00,8:00
,,27261,,Friday,9:00,17:00
,,27261,,Saturday,9:00,13:00
,,27266,,Sunday,,
,,27266,,Monday,8:30,16:30
,,27266,,Tuesday,8:30,16:30
,,27266,,Wednesday,8:30,16:30
,,27266,,Thursday,8:30,16:30
,,27266,,Friday,8:30,16:30
,,27266,,Saturday,,
,,27276,,Sunday,,
,,27276,,Monday,11:00,20:00
,,27276,,Tuesday,11:00,20:00
,,27276,,Wednesday,11:00,20:00
,,27276,,Thursday,11:00,20:00
,,27276,,Friday,9:00,14:00
,,27276,,Saturday,9:00,14:00
,,27281,,Sunday,,
,,27281,,Monday,8:30,17:00
,,27281,,Tuesday,8:30,17:00
,,27281,,Wednesday,8:30,17:00
,,27281,,Thursday,8:30,17:00
,,27281,,Friday,8:30,17:00
,,27281,,Saturday,,
,,27286,,Sunday,,
,,27286,,Monday,13:00,19:00
,,27286,,Tuesday,13:00,19:00
,,27286,,Wednesday,13:00,19:00
,,27286,,Thursday,,
,,27286,,Friday,10:00,17:00
,,27286,,Saturday,9:00,13:00
,,27291,,Sunday,,
,,27291,,Monday,10:00,19:30
,,27291,,Tuesday,10:00,19:30
,,27291,,Wednesday,10:00,19:30
,,27291,,Thursday,10:00,19:30
,,27291,,Friday,10:00,18:00
,,27291,,Saturday,,
,,27296,,Sunday,,
,,27296,,Monday,10:00,19:00
,,27296,,Tuesday,10:00,19:00
,,27296,,Wednesday,10:00,19:00
,,27296,,Thursday,10:00,19:00
,,27296,,Friday,10:00,18:00
,,27296,,Saturday,10:00,18:00
,,26801,,Sunday,13:00,17:00
,,26801,,Monday,9:00,20:00
,,26801,,Tuesday,9:00,20:00
,,26801,,Wednesday,9:00,20:00
,,26801,,Thursday,9:00,20:00
,,26801,,Friday,9:00,17:00
,,26801,,Saturday,9:00,17:00
,,26811,,Sunday,,
,,26811,,Monday,8:00,16:00
,,26811,,Tuesday,8:00,16:00
,,26811,,Wednesday,8:00,16:00
,,26811,,Thursday,8:00,16:00
,,26811,,Friday,8:00,16:00
,,26811,,Saturday,,
,,26816,,Sunday,,
,,26816,,Monday,,
,,26816,,Tuesday,10:00,17:00
,,26816,,Wednesday,13:00,17:00
,,26816,,Thursday,12:00,18:00
,,26816,,Friday,10:00,17:00
,,26816,,Saturday,8:00,12:00
,,26821,,Sunday,,
,,26821,,Monday,8:30,16:30
,,26821,,Tuesday,8:30,16:30
,,26821,,Wednesday,8:30,16:30
,,26821,,Thursday,8:30,16:30
,,26821,,Friday,8:30,16:30
,,26821,,Saturday,,
,,26826,,Sunday,13:00,16:00
,,26826,,Monday,9:00,20:00
,,26826,,Tuesday,9:00,20:00
,,26826,,Wednesday,9:00,20:00
,,26826,,Thursday,9:00,20:00
,,26826,,Friday,9:00,18:00
,,26826,,Saturday,9:00,16:00
,,26851,,Sunday,,
,,26851,,Monday,11:00,17:00
,,26851,,Tuesday,11:00,17:00
,,26851,,Wednesday,11:00,17:00
,,26851,,Thursday,11:00,19:00
,,26851,,Friday,11:00,17:00
,,26851,,Saturday,8:00,12:00
,,26856,,Sunday,,
,,26856,,Monday,11:00,20:00
,,26856,,Tuesday,11:00,20:00
,,26856,,Wednesday,11:00,20:00
,,26856,,Thursday,11:00,20:00
,,26856,,Friday,11:00,17:00
,,26856,,Saturday,9:00,17:00
,,26866,,Sunday,,
,,26866,,Monday,13:00,17:00
,,26866,,Tuesday,13:00,17:00
,,26866,,Wednesday,,
,,26866,,Thursday,13:00,17:00
,,26866,,Friday,13:00,17:00
,,26866,,Saturday,10:00,14:00
,,26871,,Sunday,,
,,26871,,Monday,9:00,17:00
,,26871,,Tuesday,9:00,17:00
,,26871,,Wednesday,9:00,17:00
,,26871,,Thursday,9:00,17:00
,,26871,,Friday,9:00,17:00
,,26871,,Saturday,,
,,26881,,Sunday,,
,,26881,,Monday,9:00,17:00
,,26881,,Tuesday,9:00,17:00
,,26881,,Wednesday,9:00,17:00
,,26881,,Thursday,9:00,17:00
,,26881,,Friday,9:00,17:00
,,26881,,Saturday,9:00,12:00
,,26886,,Sunday,,
,,26886,,Monday,11:00,20:00
,,26886,,Tuesday,11:00,20:00
,,26886,,Wednesday,11:00,20:00
,,26886,,Thursday,11:00,20:00
,,26886,,Friday,11:00,17:00
,,26886,,Saturday,11:00,16:00
,,26921,,Sunday,,
,,26921,,Monday,9:00,17:00
,,26921,,Tuesday,9:00,17:00
,,26921,,Wednesday,9:00,17:00
,,26921,,Thursday,9:00,17:00
,,26921,,Friday,9:00,17:00
,,26921,,Saturday,,
,,26961,,Sunday,,
,,26961,,Monday,9:00,16:00
,,26961,,Tuesday,9:00,16:00
,,26961,,Wednesday,9:00,16:00
,,26961,,Thursday,9:00,16:00
,,26961,,Friday,9:00,16:00
,,26961,,Saturday,,
,,26991,,Sunday,,
,,26991,,Monday,8:30,16:30
,,26991,,Tuesday,8:30,16:30
,,26991,,Wednesday,8:30,16:30
,,26991,,Thursday,8:30,16:30
,,26991,,Friday,8:30,16:30
,,26991,,Saturday,,
,,26996,,Sunday,13:00,18:00
,,26996,,Monday,9:00,20:00
,,26996,,Tuesday,9:00,20:00
,,26996,,Wednesday,9:00,20:00
,,26996,,Thursday,9:00,20:00
,,26996,,Friday,9:00,18:00
,,26996,,Saturday,9:00,18:00
,,27001,,Sunday,,
,,27001,,Monday,9:00,17:00
,,27001,,Tuesday,9:00,17:00
,,27001,,Wednesday,9:00,17:00
,,27001,,Thursday,9:00,17:00
,,27001,,Friday,9:00,17:00
,,27001,,Saturday,,
,,27011,,Sunday,13:00,17:00
,,27011,,Monday,9:00,20:00
,,27011,,Tuesday,9:00,20:00
,,27011,,Wednesday,9:00,20:00
,,27011,,Thursday,9:00,20:00
,,27011,,Friday,9:00,17:00
,,27011,,Saturday,10:00,4:00
,,27016,,Sunday,13:00,16:00
,,27016,,Monday,8:30,21:00
,,27016,,Tuesday,8:30,21:00
,,27016,,Wednesday,8:30,21:00
,,27016,,Thursday,8:30,21:00
,,27016,,Friday,8:30,17:00
,,27016,,Saturday,8:30,17:00
,,27021,,Sunday,,
,,27021,,Monday,11:00,20:00
,,27021,,Tuesday,11:00,20:00
,,27021,,Wednesday,11:00,20:00
,,27021,,Thursday,11:00,20:00
,,27021,,Friday,11:00,17:00
,,27021,,Saturday,11:00,17:00
,,27046,,Sunday,,
,,27046,,Monday,13:00,17:00
,,27046,,Tuesday,13:00,17:00
,,27046,,Wednesday,13:00,17:00
,,27046,,Thursday,13:00,17:00
,,27046,,Friday,13:00,17:00
,,27046,,Saturday,13:00,17:00
,,26561,,Sunday,,
,,26561,,Monday,10:00,20:00
,,26561,,Tuesday,10:00,20:00
,,26561,,Wednesday,10:00,20:00
,,26561,,Thursday,10:00,20:00
,,26561,,Friday,10:00,17:00
,,26561,,Saturday,10:00,17:00
,,26571,,Sunday,,
,,26571,,Monday,9:00,5:00
,,26571,,Tuesday,9:00,5:00
,,26571,,Wednesday,9:00,5:00
,,26571,,Thursday,9:00,5:00
,,26571,,Friday,9:00,5:00
,,26571,,Saturday,,
,,26581,,Sunday,,
,,26581,,Monday,10:00,18:00
,,26581,,Tuesday,10:00,18:00
,,26581,,Wednesday,10:00,18:00
,,26581,,Thursday,10:00,20:00
,,26581,,Friday,10:00,17:00
,,26581,,Saturday,10:00,17:00
,,26586,,Sunday,,
,,26586,,Monday,13:30,20:30
,,26586,,Tuesday,13:30,20:30
,,26586,,Wednesday,13:30,20:30
,,26586,,Thursday,13:30,20:30
,,26586,,Friday,10:00,18:00
,,26586,,Saturday,10:00,15:00
,,26596,,Sunday,13:00,17:00
,,26596,,Monday,10:00,20:00
,,26596,,Tuesday,10:00,20:00
,,26596,,Wednesday,10:00,20:00
,,26596,,Thursday,10:00,20:00
,,26596,,Friday,10:00,18:00
,,26596,,Saturday,10:00,17:00
,,26601,,Sunday,,
,,26601,,Monday,,
,,26601,,Tuesday,,
,,26601,,Wednesday,9:00,17:00
,,26601,,Thursday,,
,,26601,,Friday,9:00,17:00
,,26601,,Saturday,,
,,26616,,Sunday,,
,,26616,,Monday,9:00,17:00
,,26616,,Tuesday,9:00,17:00
,,26616,,Wednesday,9:00,17:00
,,26616,,Thursday,9:00,17:00
,,26616,,Friday,9:00,17:00
,,26616,,Saturday,,
,,26626,,Sunday,,
,,26626,,Monday,9:00,17:00
,,26626,,Tuesday,9:00,17:00
,,26626,,Wednesday,9:00,17:00
,,26626,,Thursday,9:00,17:00
,,26626,,Friday,9:00,17:00
,,26626,,Saturday,,
,,26631,,Sunday,,
,,26631,,Monday,9:00,17:00
,,26631,,Tuesday,9:00,17:00
,,26631,,Wednesday,9:00,17:00
,,26631,,Thursday,9:00,17:00
,,26631,,Friday,9:00,17:00
,,26631,,Saturday,,
,,26636,,Sunday,,
,,26636,,Monday,,
,,26636,,Tuesday,11:00,17:00
,,26636,,Wednesday,23:00,17:00
,,26636,,Thursday,11:00,17:00
,,26636,,Friday,11:00,17:00
,,26636,,Saturday,10:00,13:00
,,26641,,Sunday,,
,,26641,,Monday,12:00,20:00
,,26641,,Tuesday,12:00,17:00
,,26641,,Wednesday,9:00,13:00
,,26641,,Thursday,12:00,18:00
,,26641,,Friday,9:00,17:00
,,26641,,Saturday,9:00,13:00
,,26646,,Sunday,,
,,26646,,Monday,8:30,16:30
,,26646,,Tuesday,8:30,16:30
,,26646,,Wednesday,8:30,16:30
,,26646,,Thursday,8:30,4:30
,,26646,,Friday,8:30,16:30
,,26646,,Saturday,,
,,26661,,Sunday,,
,,26661,,Monday,8:30,16:30
,,26661,,Tuesday,8:30,16:30
,,26661,,Wednesday,8:30,16:30
,,26661,,Thursday,8:30,16:30
,,26661,,Friday,8:30,16:30
,,26661,,Saturday,,
,,26666,,Sunday,,
,,26666,,Monday,,
,,26666,,Tuesday,,
,,26666,,Wednesday,,
,,26666,,Thursday,,
,,26666,,Friday,,
,,26666,,Saturday,8:30,11:00
,,26671,,Sunday,,
,,26671,,Monday,9:00,21:00
,,26671,,Tuesday,9:00,21:00
,,26671,,Wednesday,9:00,21:00
,,26671,,Thursday,9:00,21:00
,,26671,,Friday,9:00,17:00
,,26671,,Saturday,9:00,16:00
,,26686,,Sunday,,
,,26686,,Monday,8:30,17:00
,,26686,,Tuesday,8:30,17:00
,,26686,,Wednesday,8:30,17:00
,,26686,,Thursday,8:30,17:00
,,26686,,Friday,8:30,17:00
,,26686,,Saturday,,
,,26696,,Sunday,,
,,26696,,Monday,10:00,19:00
,,26696,,Tuesday,10:00,19:00
,,26696,,Wednesday,10:00,19:00
,,26696,,Thursday,10:00,19:00
,,26696,,Friday,10:00,18:00
,,26696,,Saturday,10:00,22:00
,,26706,,Sunday,,
,,26706,,Monday,8:30,17:00
,,26706,,Tuesday,8:30,17:00
,,26706,,Wednesday,8:30,17:00
,,26706,,Thursday,8:30,17:00
,,26706,,Friday,8:30,17:00
,,26706,,Saturday,,
,,26711,,Sunday,,
,,26711,,Monday,9:00,16:30
,,26711,,Tuesday,9:00,16:30
,,26711,,Wednesday,9:00,16:30
,,26711,,Thursday,9:00,16:30
,,26711,,Friday,9:00,16:30
,,26711,,Saturday,,
,,26721,,Sunday,,
,,26721,,Monday,10:00,18:00
,,26721,,Tuesday,10:00,20:00
,,26721,,Wednesday,10:00,18:00
,,26721,,Thursday,10:00,20:00
,,26721,,Friday,10:00,18:00
,,26721,,Saturday,10:00,16:00
,,26726,,Sunday,,
,,26726,,Monday,,
,,26726,,Tuesday,13:00,19:00
,,26726,,Wednesday,13:00,17:00
,,26726,,Thursday,13:00,17:00
,,26726,,Friday,13:00,17:00
,,26726,,Saturday,10:00,13:00
,,26736,,Sunday,,
,,26736,,Monday,9:00,20:00
,,26736,,Tuesday,9:00,20:00
,,26736,,Wednesday,9:00,20:00
,,26736,,Thursday,9:00,20:00
,,26736,,Friday,9:00,18:00
,,26736,,Saturday,9:00,17:00
,,26751,,Sunday,,
,,26751,,Monday,9:00,17:00
,,26751,,Tuesday,9:00,17:00
,,26751,,Wednesday,9:00,17:00
,,26751,,Thursday,9:00,17:00
,,26751,,Friday,9:00,17:00
,,26751,,Saturday,,
,,26761,,Sunday,,
,,26761,,Monday,9:00,5:00
,,26761,,Tuesday,9:00,17:00
,,26761,,Wednesday,9:00,17:00
,,26761,,Thursday,9:00,17:00
,,26761,,Friday,9:00,17:00
,,26761,,Saturday,,
,,26776,,Sunday,,
,,26776,,Monday,9:00,17:00
,,26776,,Tuesday,9:00,17:00
,,26776,,Wednesday,9:00,17:00
,,26776,,Thursday,9:00,17:00
,,26776,,Friday,9:00,17:00
,,26776,,Saturday,,
,,26781,,Sunday,,
,,26781,,Monday,9:00,19:00
,,26781,,Tuesday,9:00,19:00
,,26781,,Wednesday,9:00,19:00
,,26781,,Thursday,9:00,19:00
,,26781,,Friday,9:00,17:00
,,26781,,Saturday,9:00,17:00
,,26791,,Sunday,,
,,26791,,Monday,9:00,17:00
,,26791,,Tuesday,9:00,17:00
,,26791,,Wednesday,9:00,17:00
,,26791,,Thursday,9:00,17:00
,,26791,,Friday,21:00,17:00
,,26791,,Saturday,,
,,26796,,Sunday,,
,,26796,,Monday,12:00,17:00
,,26796,,Tuesday,12:00,17:00
,,26796,,Wednesday,12:00,17:00
,,26796,,Thursday,12:00,17:00
,,26796,,Friday,12:00,17:00
,,26796,,Saturday,10:00,17:00
,,26321,,Sunday,,
,,26321,,Monday,9:00,17:00
,,26321,,Tuesday,9:00,17:00
,,26321,,Wednesday,9:00,17:00
,,26321,,Thursday,9:00,17:00
,,26321,,Friday,9:00,17:00
,,26321,,Saturday,,
,,26331,,Sunday,13:00,17:00
,,26331,,Monday,10:00,19:00
,,26331,,Tuesday,10:00,19:00
,,26331,,Wednesday,10:00,19:00
,,26331,,Thursday,10:00,19:00
,,26331,,Friday,10:00,17:00
,,26331,,Saturday,10:00,17:00
,,26336,,Sunday,,
,,26336,,Monday,9:00,17:00
,,26336,,Tuesday,9:00,17:00
,,26336,,Wednesday,9:00,17:00
,,26336,,Thursday,9:00,17:00
,,26336,,Friday,9:00,17:00
,,26336,,Saturday,,
,,26346,,Sunday,,
,,26346,,Monday,9:30,16:30
,,26346,,Tuesday,9:30,16:30
,,26346,,Wednesday,9:30,16:30
,,26346,,Thursday,9:30,16:30
,,26346,,Friday,9:30,16:30
,,26346,,Saturday,,
,,26391,,Sunday,,
,,26391,,Monday,8:00,16:30
,,26391,,Tuesday,8:00,16:30
,,26391,,Wednesday,8:00,16:30
,,26391,,Thursday,8:00,16:30
,,26391,,Friday,8:00,16:30
,,26391,,Saturday,,
,,26396,,Sunday,,
,,26396,,Monday,8:30,17:00
,,26396,,Tuesday,8:30,17:00
,,26396,,Wednesday,8:30,17:00
,,26396,,Thursday,8:30,17:00
,,26396,,Friday,8:30,17:00
,,26396,,Saturday,,
,,26406,,Sunday,,
,,26406,,Monday,10:00,21:00
,,26406,,Tuesday,10:00,21:00
,,26406,,Wednesday,10:00,21:00
,,26406,,Thursday,10:00,21:00
,,26406,,Friday,10:00,21:00
,,26406,,Saturday,10:00,15:00
,,26421,,Sunday,,
,,26421,,Monday,9:00,17:00
,,26421,,Tuesday,9:00,17:00
,,26421,,Wednesday,9:00,17:00
,,26421,,Thursday,9:00,17:00
,,26421,,Friday,9:00,17:00
,,26421,,Saturday,,
,,26431,,Sunday,,
,,26431,,Monday,8:30,16:30
,,26431,,Tuesday,8:30,16:30
,,26431,,Wednesday,8:30,16:30
,,26431,,Thursday,8:30,16:30
,,26431,,Friday,8:00,4:30
,,26431,,Saturday,,
,,26436,,Sunday,,
,,26436,,Monday,9:00,19:30
,,26436,,Tuesday,9:00,16:30
,,26436,,Wednesday,9:00,19:30
,,26436,,Thursday,9:00,16:30
,,26436,,Friday,9:00,16:30
,,26436,,Saturday,,
,,26441,,Sunday,,
,,26441,,Monday,13:30,17:30
,,26441,,Tuesday,13:30,17:30
,,26441,,Wednesday,9:00,17:30
,,26441,,Thursday,13:30,19:00
,,26441,,Friday,13:30,17:30
,,26441,,Saturday,9:00,13:00
,,26446,,Sunday,,
,,26446,,Monday,,
,,26446,,Tuesday,12:00,17:00
,,26446,,Wednesday,13:00,18:00
,,26446,,Thursday,,
,,26446,,Friday,9:00,16:00
,,26446,,Saturday,9:00,12:00
,,26451,,Sunday,,
,,26451,,Monday,8:30,16:30
,,26451,,Tuesday,8:30,16:30
,,26451,,Wednesday,8:30,16:30
,,26451,,Thursday,8:30,16:30
,,26451,,Friday,8:30,16:30
,,26451,,Saturday,,
,,26461,,Sunday,,
,,26461,,Monday,9:00,17:00
,,26461,,Tuesday,9:00,17:00
,,26461,,Wednesday,9:00,17:00
,,26461,,Thursday,9:00,17:00
,,26461,,Friday,9:00,13:00
,,26461,,Saturday,,
,,26466,,Sunday,,
,,26466,,Monday,9:00,17:00
,,26466,,Tuesday,9:00,17:00
,,26466,,Wednesday,9:00,17:00
,,26466,,Thursday,9:00,17:00
,,26466,,Friday,9:00,17:00
,,26466,,Saturday,,
,,26476,,Sunday,,
,,26476,,Monday,9:00,17:00
,,26476,,Tuesday,9:00,17:00
,,26476,,Wednesday,9:00,17:00
,,26476,,Thursday,9:00,17:00
,,26476,,Friday,9:00,17:00
,,26476,,Saturday,,
,,26481,,Sunday,,
,,26481,,Monday,9:00,13:00
,,26481,,Tuesday,9:00,13:00
,,26481,,Wednesday,9:00,13:00
,,26481,,Thursday,9:00,13:00
,,26481,,Friday,9:00,13:00
,,26481,,Saturday,9:00,14:00
,,26486,,Sunday,,
,,26486,,Monday,8:30,16:30
,,26486,,Tuesday,8:30,16:30
,,26486,,Wednesday,8:30,16:30
,,26486,,Thursday,8:30,16:30
,,26486,,Friday,8:30,16:30
,,26486,,Saturday,,
,,26506,,Sunday,,
,,26506,,Monday,9:00,17:00
,,26506,,Tuesday,9:00,17:00
,,26506,,Wednesday,9:00,17:00
,,26506,,Thursday,9:00,17:00
,,26506,,Friday,9:00,17:00
,,26506,,Saturday,,
,,26516,,Sunday,,
,,26516,,Monday,9:00,17:00
,,26516,,Tuesday,9:00,17:00
,,26516,,Wednesday,9:00,17:00
,,26516,,Thursday,9:00,17:00
,,26516,,Friday,9:00,17:00
,,26516,,Saturday,,
,,26521,,Sunday,,
,,26521,,Monday,9:00,17:00
,,26521,,Tuesday,9:00,17:00
,,26521,,Wednesday,9:00,17:00
,,26521,,Thursday,9:00,17:00
,,26521,,Friday,9:00,17:00
,,26521,,Saturday,,
,,26531,,Sunday,,
,,26531,,Monday,9:00,17:00
,,26531,,Tuesday,9:00,17:00
,,26531,,Wednesday,9:00,17:00
,,26531,,Thursday,9:00,17:00
,,26531,,Friday,9:00,17:00
,,26531,,Saturday,,
,,26206,,Sunday,,
,,26206,,Monday,8:30,12:00
,,26206,,Tuesday,8:30,12:00
,,26206,,Wednesday,8:30,12:00
,,26206,,Thursday,8:30,12:00
,,26206,,Friday,8:30,12:00
,,26206,,Saturday,,
,,26211,,Sunday,,
,,26211,,Monday,8:30,12:00
,,26211,,Tuesday,8:30,12:00
,,26211,,Wednesday,8:30,12:00
,,26211,,Thursday,8:30,12:00
,,26211,,Friday,8:30,12:00
,,26211,,Saturday,,
,,26216,,Sunday,,
,,26216,,Monday,8:30,12:00
,,26216,,Tuesday,8:30,12:00
,,26216,,Wednesday,8:30,12:00
,,26216,,Thursday,8:30,12:00
,,26216,,Friday,8:30,12:00
,,26216,,Saturday,,
,,26221,,Sunday,,
,,26221,,Monday,8:30,12:00
,,26221,,Tuesday,8:30,12:00
,,26221,,Wednesday,8:30,12:00
,,26221,,Thursday,8:30,12:00
,,26221,,Friday,8:30,12:00
,,26221,,Saturday,,
,,26226,,Sunday,,
,,26226,,Monday,8:30,12:00
,,26226,,Tuesday,8:30,12:00
,,26226,,Wednesday,8:30,12:00
,,26226,,Thursday,8:30,12:00
,,26226,,Friday,8:30,12:00
,,26226,,Saturday,,
,,26231,,Sunday,,
,,26231,,Monday,8:30,12:00
,,26231,,Tuesday,8:30,12:00
,,26231,,Wednesday,8:30,12:00
,,26231,,Thursday,8:30,12:00
,,26231,,Friday,8:30,12:00
,,26231,,Saturday,,
,,26236,,Sunday,,
,,26236,,Monday,8:30,12:00
,,26236,,Tuesday,8:30,12:00
,,26236,,Wednesday,8:30,12:00
,,26236,,Thursday,8:30,12:00
,,26236,,Friday,8:30,12:00
,,26236,,Saturday,,
,,26241,,Sunday,,
,,26241,,Monday,8:30,12:00
,,26241,,Tuesday,8:30,12:00
,,26241,,Wednesday,8:30,12:00
,,26241,,Thursday,8:30,12:00
,,26241,,Friday,8:30,12:00
,,26241,,Saturday,,
,,26246,,Sunday,,
,,26246,,Monday,8:30,12:00
,,26246,,Tuesday,8:30,12:00
,,26246,,Wednesday,8:30,12:00
,,26246,,Thursday,8:30,12:00
,,26246,,Friday,8:30,12:00
,,26246,,Saturday,,
,,26251,,Sunday,,
,,26251,,Monday,8:30,12:00
,,26251,,Tuesday,8:30,12:00
,,26251,,Wednesday,8:30,12:00
,,26251,,Thursday,8:30,12:00
,,26251,,Friday,8:30,12:00
,,26251,,Saturday,,
,,26261,,Sunday,,
,,26261,,Monday,8:30,17:00
,,26261,,Tuesday,8:30,17:00
,,26261,,Wednesday,8:30,17:00
,,26261,,Thursday,8:30,17:00
,,26261,,Friday,8:30,17:00
,,26261,,Saturday,,
,,26266,,Sunday,,
,,26266,,Monday,,
,,26266,,Tuesday,,
,,26266,,Wednesday,,
,,26266,,Thursday,,
,,26266,,Friday,,
,,26266,,Saturday,9:00,12:00
,,26271,,Sunday,,
,,26271,,Monday,,
,,26271,,Tuesday,10:00,12:00
,,26271,,Wednesday,,
,,26271,,Thursday,10:00,12:00
,,26271,,Friday,,
,,26271,,Saturday,,
,,26276,,Sunday,,
,,26276,,Monday,,
,,26276,,Tuesday,,
,,26276,,Wednesday,9:30,15:00
,,26276,,Thursday,,
,,26276,,Friday,,
,,26276,,Saturday,,
,,25966,,Sunday,,
,,25966,,Monday,9:00,16:30
,,25966,,Tuesday,,
,,25966,,Wednesday,9:00,16:30
,,25966,,Thursday,,
,,25966,,Friday,9:00,16:30
,,25966,,Saturday,,
,,25976,,Sunday,,
,,25976,,Monday,9:00,16:30
,,25976,,Tuesday,9:00,16:30
,,25976,,Wednesday,9:00,16:30
,,25976,,Thursday,9:00,16:30
,,25976,,Friday,9:00,16:30
,,25976,,Saturday,,
,,25981,,Sunday,,
,,25981,,Monday,8:30,16:30
,,25981,,Tuesday,8:30,16:30
,,25981,,Wednesday,8:30,16:30
,,25981,,Thursday,8:30,16:30
,,25981,,Friday,8:30,16:30
,,25981,,Saturday,,
,,25986,,Sunday,,
,,25986,,Monday,9:00,17:00
,,25986,,Tuesday,9:00,17:00
,,25986,,Wednesday,9:00,17:00
,,25986,,Thursday,9:00,17:00
,,25986,,Friday,9:00,17:00
,,25986,,Saturday,,
,,25996,,Sunday,,
,,25996,,Monday,9:00,5:00
,,25996,,Tuesday,9:00,17:00
,,25996,,Wednesday,9:00,17:00
,,25996,,Thursday,9:00,17:00
,,25996,,Friday,9:00,17:00
,,25996,,Saturday,,
,,26001,,Sunday,,
,,26001,,Monday,9:00,16:00
,,26001,,Tuesday,9:00,16:00
,,26001,,Wednesday,9:00,16:00
,,26001,,Thursday,9:00,16:00
,,26001,,Friday,9:00,16:00
,,26001,,Saturday,,
,,26006,,Sunday,,
,,26006,,Monday,9:00,17:00
,,26006,,Tuesday,9:00,17:00
,,26006,,Wednesday,9:00,17:00
,,26006,,Thursday,9:00,17:00
,,26006,,Friday,9:00,17:00
,,26006,,Saturday,,
,,26011,,Sunday,,
,,26011,,Monday,9:00,17:00
,,26011,,Tuesday,9:00,17:00
,,26011,,Wednesday,9:00,17:00
,,26011,,Thursday,9:00,17:00
,,26011,,Friday,9:00,17:00
,,26011,,Saturday,,
,,26016,,Sunday,,
,,26016,,Monday,9:30,13:00
,,26016,,Tuesday,9:30,13:00
,,26016,,Wednesday,9:30,13:00
,,26016,,Thursday,9:30,13:00
,,26016,,Friday,9:30,13:00
,,26016,,Saturday,,
,,26031,,Sunday,,
,,26031,,Monday,,
,,26031,,Tuesday,,
,,26031,,Wednesday,,
,,26031,,Thursday,,
,,26031,,Friday,,
,,26031,,Saturday,10:00,13:00
,,26036,,Sunday,,
,,26036,,Monday,9:30,12:30
,,26036,,Tuesday,9:30,12:30
,,26036,,Wednesday,9:30,12:30
,,26036,,Thursday,9:30,12:30
,,26036,,Friday,9:30,12:30
,,26036,,Saturday,,
,,26041,,Sunday,,
,,26041,,Monday,9:00,13:00
,,26041,,Tuesday,9:00,13:00
,,26041,,Wednesday,9:00,13:00
,,26041,,Thursday,9:00,13:00
,,26041,,Friday,9:00,13:00
,,26041,,Saturday,,
,,26066,,Sunday,,
,,26066,,Monday,9:00,12:00
,,26066,,Tuesday,9:00,12:00
,,26066,,Wednesday,9:00,12:00
,,26066,,Thursday,9:00,12:00
,,26066,,Friday,,
,,26066,,Saturday,,
,,26076,,Sunday,,
,,26076,,Monday,9:00,12:00
,,26076,,Tuesday,9:00,12:00
,,26076,,Wednesday,9:00,12:00
,,26076,,Thursday,9:00,12:00
,,26076,,Friday,9:00,12:00
,,26076,,Saturday,,
,,26086,,Sunday,,
,,26086,,Monday,9:00,17:00
,,26086,,Tuesday,9:00,17:00
,,26086,,Wednesday,9:00,17:00
,,26086,,Thursday,9:00,17:00
,,26086,,Friday,9:00,17:00
,,26086,,Saturday,,
,,26101,,Sunday,,
,,26101,,Monday,9:00,16:00
,,26101,,Tuesday,9:00,16:00
,,26101,,Wednesday,9:00,15:00
,,26101,,Thursday,9:00,12:00
,,26101,,Friday,9:00,16:00
,,26101,,Saturday,,
,,26111,,Sunday,,
,,26111,,Monday,9:00,12:00
,,26111,,Tuesday,9:00,12:00
,,26111,,Wednesday,9:00,12:00
,,26111,,Thursday,9:00,12:00
,,26111,,Friday,9:00,12:00
,,26111,,Saturday,,
,,26116,,Sunday,,
,,26116,,Monday,9:00,13:00
,,26116,,Tuesday,,
,,26116,,Wednesday,9:00,13:00
,,26116,,Thursday,9:00,13:00
,,26116,,Friday,9:00,13:00
,,26116,,Saturday,,
,,26126,,Sunday,,
,,26126,,Monday,,
,,26126,,Tuesday,,
,,26126,,Wednesday,,
,,26126,,Thursday,,
,,26126,,Friday,9:00,12:00
,,26126,,Saturday,,
,,26131,,Sunday,,
,,26131,,Monday,9:00,17:00
,,26131,,Tuesday,9:00,17:00
,,26131,,Wednesday,9:00,17:00
,,26131,,Thursday,9:00,17:00
,,26131,,Friday,9:00,17:00
,,26131,,Saturday,,
,,26136,,Sunday,,
,,26136,,Monday,9:00,17:00
,,26136,,Tuesday,9:00,17:00
,,26136,,Wednesday,9:00,17:00
,,26136,,Thursday,9:00,17:00
,,26136,,Friday,9:00,17:00
,,26136,,Saturday,,
,,26141,,Sunday,,
,,26141,,Monday,9:00,16:00
,,26141,,Tuesday,9:00,16:00
,,26141,,Wednesday,9:00,16:00
,,26141,,Thursday,9:00,16:00
,,26141,,Friday,9:00,16:00
,,26141,,Saturday,,
,,26146,,Sunday,,
,,26146,,Monday,9:00,17:00
,,26146,,Tuesday,9:00,17:00
,,26146,,Wednesday,9:00,17:00
,,26146,,Thursday,9:00,17:00
,,26146,,Friday,9:00,17:00
,,26146,,Saturday,,
,,26151,,Sunday,,
,,26151,,Monday,9:00,17:00
,,26151,,Tuesday,9:00,17:00
,,26151,,Wednesday,9:00,17:00
,,26151,,Thursday,9:00,17:00
,,26151,,Friday,9:00,17:00
,,26151,,Saturday,,
,,26156,,Sunday,,
,,26156,,Monday,9:00,17:00
,,26156,,Tuesday,9:00,17:00
,,26156,,Wednesday,9:00,17:00
,,26156,,Thursday,9:00,17:00
,,26156,,Friday,9:00,17:00
,,26156,,Saturday,,
,,26161,,Sunday,,
,,26161,,Monday,8:30,16:30
,,26161,,Tuesday,8:30,16:30
,,26161,,Wednesday,8:30,20:00
,,26161,,Thursday,8:30,16:30
,,26161,,Friday,8:30,16:30
,,26161,,Saturday,,
,,26166,,Sunday,,
,,26166,,Monday,8:30,20:00
,,26166,,Tuesday,8:30,20:00
,,26166,,Wednesday,8:30,20:00
,,26166,,Thursday,8:30,20:00
,,26166,,Friday,8:30,17:00
,,26166,,Saturday,,
,,26176,,Sunday,,
,,26176,,Monday,,
,,26176,,Tuesday,9:00,12:00
,,26176,,Wednesday,,
,,26176,,Thursday,,
,,26176,,Friday,9:00,12:00
,,26176,,Saturday,,
