organization_name,organization_uuid,location_name,location_uuid,location_address,location_url,phones
Americans for Immigrant Justice,6a84f8e7-f0a8-445d-9abc-d24a7b462f82,Abriendo Puertas/Casey,5bd38bd0-6270-4bbb-9276-0f1ed0502002,State: FL,,
Americans for Immigrant Justice,6a84f8e7-f0a8-445d-9abc-d24a7b462f82,Baker County Jail,5bd38bd2-bd3c-4cd7-b1d3-0f1ed0502002,State: FL,,
Americans for Immigrant Justice,6a84f8e7-f0a8-445d-9abc-d24a7b462f82,Bay Point,5bd38bd0-e7f4-4213-8669-0f1ed0502002,State: FL,,
Americans for Immigrant Justice,6a84f8e7-f0a8-445d-9abc-d24a7b462f82,Boystown/Children's Village,5bd38bd8-2928-4745-90c3-0f1ed0502002,"9525 Sterling Drive, Cutler Bay, FL 33157",,
Americans for Immigrant Justice,6a84f8e7-f0a8-445d-9abc-d24a7b462f82,Broward Lucha Office,5bd38bd0-f610-44c5-b439-0f1ed0502002,State: FL,,
Americans for Immigrant Justice,6a84f8e7-f0a8-445d-9abc-d24a7b462f82,Broward Transitional Center,5bd38bd1-09ec-46a2-9215-0f1ed0502002,,,
Americans for Immigrant Justice,6a84f8e7-f0a8-445d-9abc-d24a7b462f82,Camillus House,5bd38bd3-ce0c-40d7-a68a-0f1ed0502002,State: FL,,
Americans for Immigrant Justice,6a84f8e7-f0a8-445d-9abc-d24a7b462f82,Catholic Charities - Immokalee,5bd38bd8-d1a4-46c8-a06f-0f1ed0502002,State: FL,,
Americans for Immigrant Justice,6a84f8e7-f0a8-445d-9abc-d24a7b462f82,Children's Home Society,5bd38bd6-d608-4d89-a669-0f1ed0502002,"401 NE 4th Street, Fort Lauderdale, FL 33301",,
Americans for Immigrant Justice,6a84f8e7-f0a8-445d-9abc-d24a7b462f82,Coordinated Victims Assistance Center,5bd38bd5-b2bc-4883-869d-0f1ed0502002,"2400 S. Dixie Highway, Suite #104, Miami, FL 33133",,main: 305-285-5922
Americans for Immigrant Justice,6a84f8e7-f0a8-445d-9abc-d24a7b462f82,County Jails,5bd38bd1-526c-45d5-abd2-0f1ed0502002,,,
Americans for Immigrant Justice,6a84f8e7-f0a8-445d-9abc-d24a7b462f82,Default Office (for testing),5bd38bcf-6630-4280-9199-0f1ed0502002,State: FL,,
Americans for Immigrant Justice,6a84f8e7-f0a8-445d-9abc-d24a7b462f82,FLIC Office Intake,5bd38bda-605c-4837-85d1-0f1ed0502002,State: FL,,
Americans for Immigrant Justice,6a84f8e7-f0a8-445d-9abc-d24a7b462f82,Florida Equal Justice Center,5bd38bd6-0540-495e-8548-0f1ed0502002,"Fort Pierce, FL",,main: 772-489-4660
Americans for Immigrant Justice,6a84f8e7-f0a8-445d-9abc-d24a7b462f82,Florida International University -FIU,5bd38bd9-34bc-44f1-9cd8-0f1ed0502002,State: FL,,
Americans for Immigrant Justice,6a84f8e7-f0a8-445d-9abc-d24a7b462f82,Fort Pierce Office (from Imm Aide),5bd38bd0-c5ac-4212-9cce-0f1ed0502002,State: FL,,
Americans for Immigrant Justice,6a84f8e7-f0a8-445d-9abc-d24a7b462f82,Ft. Pierce,5bd38bd4-3bb8-4f45-8929-0f1ed0502002,State: FL,,
Americans for Immigrant Justice,6a84f8e7-f0a8-445d-9abc-d24a7b462f82,Galata,5bd38bd4-c024-4e25-9cd0-0f1ed0502002,State: FL,,
Americans for Immigrant Justice,6a84f8e7-f0a8-445d-9abc-d24a7b462f82,Glades County Jail,5bd38bd1-d5bc-4477-989c-0f1ed0502002,,,
Americans for Immigrant Justice,6a84f8e7-f0a8-445d-9abc-d24a7b462f82,Guatemala Mayan Center - Lake Worth,5bd38bd8-82b8-479a-a359-0f1ed0502002,State: FL,,
Americans for Immigrant Justice,6a84f8e7-f0a8-445d-9abc-d24a7b462f82,Guatemala Mayan Center - WPB/Lake Worth,5bd38bd8-c2e8-47c4-a24f-0f1ed0502002,"430 North G Street, Lake Worth, FL 33460",,
Americans for Immigrant Justice,6a84f8e7-f0a8-445d-9abc-d24a7b462f82,His House,5bd38bd9-12b4-4719-9d70-0f1ed0502002,"20000 NW 47th Avenue, Hector Building #2, Miami Gardens, FL 33055",,
Americans for Immigrant Justice,6a84f8e7-f0a8-445d-9abc-d24a7b462f82,Homeless Assistance Center,5bd38bd3-7de8-41e6-b4a7-0f1ed0502002,State: FL,,
Americans for Immigrant Justice,6a84f8e7-f0a8-445d-9abc-d24a7b462f82,Homeless Assistance Center - South,5bd38bd3-9790-4be1-bafc-0f1ed0502002,State: FL,,
Americans for Immigrant Justice,6a84f8e7-f0a8-445d-9abc-d24a7b462f82,Homestead ERC,5bd38bd9-0c00-475f-a7c0-0f1ed0502002,State: FL,,
Americans for Immigrant Justice,6a84f8e7-f0a8-445d-9abc-d24a7b462f82,Homestead Office,5bd38bd5-730c-41f2-8d45-0f1ed0502002,"28905 S. Dixie Highway, Homestead, FL 33033",,main: 305-247-1057
Americans for Immigrant Justice,6a84f8e7-f0a8-445d-9abc-d24a7b462f82,Immokalee,5bd38bd6-d9e4-4151-bceb-0f1ed0502002,State: FL,,
Americans for Immigrant Justice,6a84f8e7-f0a8-445d-9abc-d24a7b462f82,Immokalee Office,5bd38bd7-4934-49d4-8f8b-0f1ed0502002,State: FL,,
Americans for Immigrant Justice,6a84f8e7-f0a8-445d-9abc-d24a7b462f82,Juvenile Court,5bd38bd4-282c-45df-8157-0f1ed0502002,"3300 NW 27 Avenue, Miami, FL 33142",,
Americans for Immigrant Justice,6a84f8e7-f0a8-445d-9abc-d24a7b462f82,Krome,5bd38bd6-9200-4a8e-9b3e-0f1ed0502002,State: FL,,
Americans for Immigrant Justice,6a84f8e7-f0a8-445d-9abc-d24a7b462f82,Krome Office,5bd38bd2-1e48-44de-b7bb-0f1ed0502002,State: FL,,
Americans for Immigrant Justice,6a84f8e7-f0a8-445d-9abc-d24a7b462f82,Lodge,5bd38bd2-86d0-4c29-9036-0f1ed0502002,State: FL,,
Americans for Immigrant Justice,6a84f8e7-f0a8-445d-9abc-d24a7b462f82,Miami Immigration Court,5bd38bd7-6b30-4ce2-bb0b-0f1ed0502002,State: FL,,
Americans for Immigrant Justice,6a84f8e7-f0a8-445d-9abc-d24a7b462f82,Miami Office,5bc27d13-91f0-4ce4-87e2-76cbd0502002,"6355 NW 36th Street, Suite 2201, Miami, FL 33166",,main: 305-573-1106
Americans for Immigrant Justice,6a84f8e7-f0a8-445d-9abc-d24a7b462f82,Monroe County Jail,5bd38bd1-60a4-42d7-aca1-0f1ed0502002,,,
Americans for Immigrant Justice,6a84f8e7-f0a8-445d-9abc-d24a7b462f82,Neighbor To Family,5bd38bd7-477c-4b52-ad73-0f1ed0502002,State: FL,,
Americans for Immigrant Justice,6a84f8e7-f0a8-445d-9abc-d24a7b462f82,Open Arms,5bd38bd5-2f6c-43da-a19a-0f1ed0502002,State: FL,,
Americans for Immigrant Justice,6a84f8e7-f0a8-445d-9abc-d24a7b462f82,Other,5bd38bd2-fc60-49eb-a501-0f1ed0502002,,,
Americans for Immigrant Justice,6a84f8e7-f0a8-445d-9abc-d24a7b462f82,Sandy Pines RTC,5bd38bd9-79f4-4bab-af84-0f1ed0502002,"1301 SE Tequesta Terrace, Tequesta, FL 33469",,
Americans for Immigrant Justice,6a84f8e7-f0a8-445d-9abc-d24a7b462f82,Screening Clinic,5bd38bda-e6dc-4c69-a4dc-0f1ed0502002,State: FL,,
Americans for Immigrant Justice,6a84f8e7-f0a8-445d-9abc-d24a7b462f82,South Dade,5bd38bd3-9624-48fe-a892-0f1ed0502002,State: FL,,
Americans for Immigrant Justice,6a84f8e7-f0a8-445d-9abc-d24a7b462f82,Southern Winds,5bd38bd4-8250-4f8b-95b8-0f1ed0502002,State: FL,,
Americans for Immigrant Justice,6a84f8e7-f0a8-445d-9abc-d24a7b462f82,We Count - Homestead,5bd38bd7-8f90-487b-bc58-0f1ed0502002,"Homestead, FL",,
"Bay Area Legal Services, Inc.",85b23d4b-6619-4bd7-a682-819bf28dfed6,Dade City,5bd38b56-5b4c-4b20-83d4-a89bac1e02dd,"37718 Meridian Ave, Dade City, FL 33525-3715",,"tdd: 800-955-8771, main: 352-567-9044, tollfree: 800-625-2257"
"Bay Area Legal Services, Inc.",85b23d4b-6619-4bd7-a682-819bf28dfed6,Family Justice Center,5bd38b56-e9d8-4fc9-b51f-a89bac1e02dd,"Tampa, FL",,
"Bay Area Legal Services, Inc.",85b23d4b-6619-4bd7-a682-819bf28dfed6,New Port Richey,5bd38b56-2c80-4cd1-8982-a89bac1e02dd,"8406 Massachusetts Ave, Suite B-2, New Port Richey, FL 34653-3100",,"tollfree: 800-625-2257, tdd: 800-955-8771, main: 727-847-5494"
"Bay Area Legal Services, Inc.",85b23d4b-6619-4bd7-a682-819bf28dfed6,Operations,5bd38b56-7c30-450c-9a76-a89bac1e02dd,"1302 North 19th Street, Suite 150, Tampa, FL 33605",,"tollfree: 800-625-2257, main: 813-232-1222, tdd: 800-955-8771"
"Bay Area Legal Services, Inc.",85b23d4b-6619-4bd7-a682-819bf28dfed6,Plant City,5bd38b56-01f4-4b43-ad9f-a89bac1e02dd,"701 Tillman Place, Suite 300, Plant City, FL 33566-7169",,"tollfree: 800-625-2257, tdd: 800-955-8771, main: 813-752-1335"
"Bay Area Legal Services, Inc.",85b23d4b-6619-4bd7-a682-819bf28dfed6,Ruskin,5bd38b56-7a20-4ef3-ace3-a89bac1e02dd,"201 14th Avenue SE, Suite I, Ruskin, FL 33570",,"tollfree: 800-625-2257, main: 813-634-6044, tdd: 800-955-8771"
"Bay Area Legal Services, Inc.",85b23d4b-6619-4bd7-a682-819bf28dfed6,Senior Legal Helpline,5bd38b56-8924-48c7-984e-a89bac1e02dd,"1302 North 19th Street, Suite 400, Tampa, FL 33605",https://www.bals.org/our-services/help-for-seniors,"main: 888-895-7873, tollfree: 888-895-7873, tdd: 800-955-8771"
"Bay Area Legal Services, Inc.",85b23d4b-6619-4bd7-a682-819bf28dfed6,St. Petersburg,5bd38b56-bf44-4cef-b8d9-a89bac1e02dd,"4948 Central Avenue, St. Petersburg, FL 33707",,"main: 727-490-4040, tollfree: 800-625-2257, tdd: 800-955-8771"
"Bay Area Legal Services, Inc.",85b23d4b-6619-4bd7-a682-819bf28dfed6,Tampa HQ,5bc648cc-5140-4f4b-a68a-459aac1e02dd,"1302 North 19th Street, Suite 400, Tampa, FL 33605",,"tollfree: 800-625-2257, tdd: 800-955-8771, main: 813-232-1343"
"Bay Area Legal Services, Inc.",85b23d4b-6619-4bd7-a682-819bf28dfed6,Volunteer Lawyers Program,5bd38b56-b9c4-4a99-9f3a-a89bac1e02dd,"Edgecomb Courthouse, 800 E Twiggs St - Room 207, Tampa, FL 33602",,"main: 813-226-8685, tdd: 800-955-8771"
"Bay Area Legal Services, Inc.",85b23d4b-6619-4bd7-a682-819bf28dfed6,Volunteer Lawyers Program-NW,5bd38b56-4a70-497e-a04b-a89bac1e02dd,"800 Drew Street, Clearwater, FL 33755",,"main: 727-490-4040, tdd: 800-955-8771"
Brevard County Legal Aid,61359f4e-555a-4ac6-b5ae-7f11d1a6004e,Beaches,5bd38d5e-c3cc-4d03-aae2-7a16d0502006,State: FL,,
Brevard County Legal Aid,61359f4e-555a-4ac6-b5ae-7f11d1a6004e,Brevard,5bd38d5c-8e18-48d0-b3c6-7a16d0502006,FL 32955,,
Brevard County Legal Aid,61359f4e-555a-4ac6-b5ae-7f11d1a6004e,Brevard County Legal Aid,5baa89aa-6594-4106-847a-154ad0502006,"1038 Harvin Way, #100, Rockledge, FL 32955",,main: 321-631-2500
Brevard County Legal Aid,61359f4e-555a-4ac6-b5ae-7f11d1a6004e,Central Clinic,5bd38d5f-d8ec-44ad-9063-7a16d0502006,State: FL,,
Brevard County Legal Aid,61359f4e-555a-4ac6-b5ae-7f11d1a6004e,Central (old),5bd38d5e-3a90-453e-a545-7a16d0502006,"1038 Harvin Way, Suite 100, Rockledge, FL 32955",,main: 321-631-2500
Brevard County Legal Aid,61359f4e-555a-4ac6-b5ae-7f11d1a6004e,Central Pro Bono,5bd38d5e-e134-42e7-8265-7a16d0502006,State: FL,,
Brevard County Legal Aid,61359f4e-555a-4ac6-b5ae-7f11d1a6004e,Central Staff,5bd38d5f-a8dc-4ceb-82f1-7a16d0502006,State: FL,,
Brevard County Legal Aid,61359f4e-555a-4ac6-b5ae-7f11d1a6004e,Default Office,5bd38d5d-6f90-4567-a2cf-7a16d0502006,State: FL,,
Brevard County Legal Aid,61359f4e-555a-4ac6-b5ae-7f11d1a6004e,Non-Applicable,5bd38d5e-7864-4004-a182-7a16d0502006,State: FL,,
Brevard County Legal Aid,61359f4e-555a-4ac6-b5ae-7f11d1a6004e,North Pro Bono,5bd38d5d-c08c-4594-95ac-7a16d0502006,State: FL,,
Brevard County Legal Aid,61359f4e-555a-4ac6-b5ae-7f11d1a6004e,Out of County,5bd38d5d-f180-45f1-a0d9-7a16d0502006,State: FL,,
Brevard County Legal Aid,61359f4e-555a-4ac6-b5ae-7f11d1a6004e,South Pro Bono,5bd38d5d-85d0-44de-b824-7a16d0502006,State: FL,,
"Coast to Coast Legal Aid of South Florida, Inc.",edc044f4-b466-40ad-beeb-3abc45b3cb59,Admin,5bd38e26-8898-4a92-b2e7-76d3d0502007,State: FL,,
"Coast to Coast Legal Aid of South Florida, Inc.",edc044f4-b466-40ad-beeb-3abc45b3cb59,Broward Office,5bd38e26-4448-4180-9118-76d3d0502007,State: FL,,
"Coast to Coast Legal Aid of South Florida, Inc.",edc044f4-b466-40ad-beeb-3abc45b3cb59,Cental,5bd38e26-0700-4c47-aed1-76d3d0502007,State: FL,,
"Coast to Coast Legal Aid of South Florida, Inc.",edc044f4-b466-40ad-beeb-3abc45b3cb59,Central,5bd38e25-15e4-4575-9a67-76d3d0502007,State: FL,,
"Coast to Coast Legal Aid of South Florida, Inc.",edc044f4-b466-40ad-beeb-3abc45b3cb59,Children Advocacy,5bd38e25-7668-45a3-866f-76d3d0502007,State: FL,,
"Coast to Coast Legal Aid of South Florida, Inc.",edc044f4-b466-40ad-beeb-3abc45b3cb59,Consumer,5bd38e25-349c-401c-9fdd-76d3d0502007,State: FL,,
"Coast to Coast Legal Aid of South Florida, Inc.",edc044f4-b466-40ad-beeb-3abc45b3cb59,Default Office,5bd38e25-2e70-4a18-8a40-76d3d0502007,State: FL,,
"Coast to Coast Legal Aid of South Florida, Inc.",edc044f4-b466-40ad-beeb-3abc45b3cb59,Economic Advocacy and Community Health (EACH),5bd38e27-f148-40d1-b02a-76d3d0502007,"491 N. State Road 7, Plantation, FL 33317",http://www.coasttocoastlegalaid.org/each/,main: 954-736-2490
"Coast to Coast Legal Aid of South Florida, Inc.",edc044f4-b466-40ad-beeb-3abc45b3cb59,Family Law,5bd38e27-48cc-43d7-b8d1-76d3d0502007,"491 N. State Road 7, Plantation, FL 33317",http://www.coasttocoastlegalaid.org/family/,main: 954-736-2400
"Coast to Coast Legal Aid of South Florida, Inc.",edc044f4-b466-40ad-beeb-3abc45b3cb59,Head Office,5bd38e24-31c8-4f08-8cfd-76d3d0502007,State: FL,,
"Coast to Coast Legal Aid of South Florida, Inc.",edc044f4-b466-40ad-beeb-3abc45b3cb59,Housing,5bd38e24-0dc8-407f-a739-76d3d0502007,State: FL,,
"Coast to Coast Legal Aid of South Florida, Inc.",edc044f4-b466-40ad-beeb-3abc45b3cb59,Immigration,5bd38e24-f680-47dc-94ae-76d3d0502007,State: FL,,
"Coast to Coast Legal Aid of South Florida, Inc.",edc044f4-b466-40ad-beeb-3abc45b3cb59,Las Pompano,5bd38e24-ba28-4be7-95c0-76d3d0502007,State: FL,,
"Coast to Coast Legal Aid of South Florida, Inc.",edc044f4-b466-40ad-beeb-3abc45b3cb59,Main,5bd38e23-df48-444d-9e7b-76d3d0502007,State: FL,,
"Coast to Coast Legal Aid of South Florida, Inc.",edc044f4-b466-40ad-beeb-3abc45b3cb59,Pro Bono,5bd38e23-59e8-46cd-96da-76d3d0502007,State: FL,,
"Coast to Coast Legal Aid of South Florida, Inc.",edc044f4-b466-40ad-beeb-3abc45b3cb59,Public Benefits,5bd38e23-f7d0-4842-93b6-76d3d0502007,"491 N. State Road 7, Plantation, FL 33317",http://www.coasttocoastlegalaid.org/each/,main: 954-736-2490
"Coast to Coast Legal Aid of South Florida, Inc.",edc044f4-b466-40ad-beeb-3abc45b3cb59,Refugee,5bd38e23-f710-47c4-b1c4-76d3d0502007,State: FL,,
"Coast to Coast Legal Aid of South Florida, Inc.",edc044f4-b466-40ad-beeb-3abc45b3cb59,Senior Law,5bd38e27-99b4-407c-a302-76d3d0502007,"491 N. State Road 7, Plantation, FL 33317",http://www.coasttocoastlegalaid.org/elderlysenior-60/,main: 954-765-8955
"Coast to Coast Legal Aid of South Florida, Inc.",edc044f4-b466-40ad-beeb-3abc45b3cb59,Senior Law Unit,5b50f20c-b6ec-4ddd-baff-4839d0502007,"491 N. State Road 7, Plantation, FL 33317",http://www.coasttocoastlegalaid.org/elderlysenior-60/,main: 954-765-8955
Community Law Program,12e17e84-750c-48b4-9ca4-675968d1281f,Default Office,5bd38c8a-519c-4afa-b1bd-7a13d0502006,State: FL,,
Community Law Program,12e17e84-750c-48b4-9ca4-675968d1281f,St Pete,5bb6296f-ef28-4426-b16f-5149d0502006,"501 1st Avenue North, #519, St. Petersburg, FL 33701",www.lawprogram.org,main: 727-582-7480
Community Legal Services of Mid Florida,ed286ee2-4176-4e58-902a-f65d089838fe,1,5bd38c5e-2ef8-4885-9413-d6f343ca458b,State: FL,,
Community Legal Services of Mid Florida,ed286ee2-4176-4e58-902a-f65d089838fe,-1,5bd38c5e-2970-406b-baed-d6f343ca458b,State: FL,,
Community Legal Services of Mid Florida,ed286ee2-4176-4e58-902a-f65d089838fe,Administration,5bd38c67-6c80-4de5-abc9-d6f343ca458b,State: FL,,
Community Legal Services of Mid Florida,ed286ee2-4176-4e58-902a-f65d089838fe,AG Grant,5bd38c5e-899c-4034-a423-d6f343ca458b,State: FL,,
Community Legal Services of Mid Florida,ed286ee2-4176-4e58-902a-f65d089838fe,Brevard,5bd38c5e-d16c-4084-ae59-d6f343ca458b,State: FL,,
Community Legal Services of Mid Florida,ed286ee2-4176-4e58-902a-f65d089838fe,Citrus,5bd38c5f-1190-4547-bc7d-d6f343ca458b,State: FL,,
Community Legal Services of Mid Florida,ed286ee2-4176-4e58-902a-f65d089838fe,Citrus/Sumter,5bd38c5f-fc28-4c7e-9f5b-d6f343ca458b,State: FL,,
Community Legal Services of Mid Florida,ed286ee2-4176-4e58-902a-f65d089838fe,Cocoa,5bd38c5f-7fe0-46f4-9215-d6f343ca458b,State: FL,,
Community Legal Services of Mid Florida,ed286ee2-4176-4e58-902a-f65d089838fe,Cocoa Office,5bd38c5f-9e80-4030-ac1d-d6f343ca458b,State: FL,,
Community Legal Services of Mid Florida,ed286ee2-4176-4e58-902a-f65d089838fe,CO-COUNSELD CASES,5bd38c60-0880-402a-b9f2-d6f343ca458b,State: FL,,
Community Legal Services of Mid Florida,ed286ee2-4176-4e58-902a-f65d089838fe,Courthouse,5bd38c60-af84-42a7-8ea3-d6f343ca458b,State: FL,,
Community Legal Services of Mid Florida,ed286ee2-4176-4e58-902a-f65d089838fe,Ct. Appt.-Citrus,5bd38c60-9220-4aaf-8d49-d6f343ca458b,State: FL,,
Community Legal Services of Mid Florida,ed286ee2-4176-4e58-902a-f65d089838fe,Ct. Appt.-Lake,5bd38c60-4968-43b8-9a68-d6f343ca458b,State: FL,,
Community Legal Services of Mid Florida,ed286ee2-4176-4e58-902a-f65d089838fe,Ct. Appt.-Marion,5bd38c60-6150-4e9a-a01f-d6f343ca458b,State: FL,,
Community Legal Services of Mid Florida,ed286ee2-4176-4e58-902a-f65d089838fe,Ct. Appt.-Sumter,5bd38c61-8bf0-446e-a266-d6f343ca458b,State: FL,,
Community Legal Services of Mid Florida,ed286ee2-4176-4e58-902a-f65d089838fe,Ct. Appt.-Volusia,5bd38c61-e8fc-446e-9935-d6f343ca458b,State: FL,,
Community Legal Services of Mid Florida,ed286ee2-4176-4e58-902a-f65d089838fe,Daytona,5bd38c61-16c4-44bd-99cb-d6f343ca458b,State: FL,,
Community Legal Services of Mid Florida,ed286ee2-4176-4e58-902a-f65d089838fe,Daytona Beach,5bd38c61-9e88-4e6e-a2e4-d6f343ca458b,State: FL,,
Community Legal Services of Mid Florida,ed286ee2-4176-4e58-902a-f65d089838fe,Daytona Office,5b6db58c-274c-4e12-81f7-4bd843ca458b,"128 Orange Avenue, Daytona Beach, FL 32114",,main: 386-255-6573
Community Legal Services of Mid Florida,ed286ee2-4176-4e58-902a-f65d089838fe,Default Office,5bd38c61-f5b0-4382-808f-d6f343ca458b,State: FL,,
Community Legal Services of Mid Florida,ed286ee2-4176-4e58-902a-f65d089838fe,Flagler,5bd38c62-70ac-40b2-ba2c-d6f343ca458b,State: FL,,
Community Legal Services of Mid Florida,ed286ee2-4176-4e58-902a-f65d089838fe,HELPLINE,5bd38c67-2490-4c20-ab6e-d6f343ca458b,"310 S. Magnolia Avenue, Sanford, FL 32771",,"main: 407-531-8304, tollfree: 800-405-1417"
Community Legal Services of Mid Florida,ed286ee2-4176-4e58-902a-f65d089838fe,Hernando,5bd38c62-c9ac-4dce-9699-d6f343ca458b,State: FL,,
Community Legal Services of Mid Florida,ed286ee2-4176-4e58-902a-f65d089838fe,Inverness Office,5b6db92b-46f4-4b68-9b41-4dfc43ca458b,"106 N. Osceola Avenue, Inverness, FL 34450",,main: 352-726-8512
Community Legal Services of Mid Florida,ed286ee2-4176-4e58-902a-f65d089838fe,Kissimmeee,5bd38c62-7230-4e7f-9d0f-d6f343ca458b,State: FL,,
Community Legal Services of Mid Florida,ed286ee2-4176-4e58-902a-f65d089838fe,Kissimmee Office,5b6db92c-324c-4967-a753-461443ca458b,"800 N. Main Street, Kissimmee, FL 34744",,main: 407-847-0053
Community Legal Services of Mid Florida,ed286ee2-4176-4e58-902a-f65d089838fe,LACCF Conflict Checking,5bd38c62-e49c-46fb-b2c9-d6f343ca458b,State: FL,,
Community Legal Services of Mid Florida,ed286ee2-4176-4e58-902a-f65d089838fe,LACCF Rejected Client,5bd38c63-787c-482a-99cf-d6f343ca458b,State: FL,,
Community Legal Services of Mid Florida,ed286ee2-4176-4e58-902a-f65d089838fe,Lake,5bd38c63-cbc4-4a8a-9b46-d6f343ca458b,State: FL,,
Community Legal Services of Mid Florida,ed286ee2-4176-4e58-902a-f65d089838fe,Main Office,5bd38c63-ff04-4f7c-835b-d6f343ca458b,"State: <b>IL</b>,",,
Community Legal Services of Mid Florida,ed286ee2-4176-4e58-902a-f65d089838fe,Marion,5bd38c63-c4a4-4fbe-ae5c-d6f343ca458b,State: FL,,
Community Legal Services of Mid Florida,ed286ee2-4176-4e58-902a-f65d089838fe,Ocala Office,5b6db92c-386c-4ade-b5c7-457643ca458b,"1610 SE 36th Avenue, Ocala, FL 34471",,main: 352-629-0105
Community Legal Services of Mid Florida,ed286ee2-4176-4e58-902a-f65d089838fe,Orange,5bd38c63-7eb0-44d5-9fca-d6f343ca458b,State: FL,,
Community Legal Services of Mid Florida,ed286ee2-4176-4e58-902a-f65d089838fe,Orlanda,5bd38c64-cbb0-43ce-a257-d6f343ca458b,State: FL,,
Community Legal Services of Mid Florida,ed286ee2-4176-4e58-902a-f65d089838fe,Orlando Office,5b6db92c-e60c-4d3e-b5ba-489343ca458b,"122 E. Colonial Drive, Suite 200, Orlando, FL 32801",,main: 407-841-7777
Community Legal Services of Mid Florida,ed286ee2-4176-4e58-902a-f65d089838fe,Osceola,5bd38c64-3a64-4fed-b0d7-d6f343ca458b,State: FL,,
Community Legal Services of Mid Florida,ed286ee2-4176-4e58-902a-f65d089838fe,Palatka Office,5b6db92d-f1d0-4974-a63b-46cd43ca458b,"216 S. 6th Street, Palatka, FL 32177",,main: 386-328-8361
Community Legal Services of Mid Florida,ed286ee2-4176-4e58-902a-f65d089838fe,PB Intake,5bd38c64-9f54-4d9a-a1a0-d6f343ca458b,State: FL,,
Community Legal Services of Mid Florida,ed286ee2-4176-4e58-902a-f65d089838fe,PENDING Transfers,5bd38c64-44d4-410d-b6c6-d6f343ca458b,State: FL,,
Community Legal Services of Mid Florida,ed286ee2-4176-4e58-902a-f65d089838fe,Putnam,5bd38c65-ea6c-4287-a345-d6f343ca458b,State: FL,,
Community Legal Services of Mid Florida,ed286ee2-4176-4e58-902a-f65d089838fe,Sanford Office,5bd38c69-f190-4d1b-86c1-d6f343ca458b,"315 S. Magnolia Avenue, Sanford, FL 32771",,main: 407-322-8983
Community Legal Services of Mid Florida,ed286ee2-4176-4e58-902a-f65d089838fe,Sanford Office,5b6db92d-8900-4ecd-befc-44b243ca458b,State: FL,,
Community Legal Services of Mid Florida,ed286ee2-4176-4e58-902a-f65d089838fe,Seminole,5bd38c65-abd4-41ca-9c74-d6f343ca458b,State: FL,,
Community Legal Services of Mid Florida,ed286ee2-4176-4e58-902a-f65d089838fe,Spring Hill,5b6db92e-11e0-4e7d-b571-44ec43ca458b,"12595 Spring Hill Dr, Spring Hill, FL 32609-5068",,
Community Legal Services of Mid Florida,ed286ee2-4176-4e58-902a-f65d089838fe,St. Johns,5bd38c65-cbbc-4366-9302-d6f343ca458b,State: FL,,
Community Legal Services of Mid Florida,ed286ee2-4176-4e58-902a-f65d089838fe,Sumter,5bd38c65-7364-48f3-bff4-d6f343ca458b,State: FL,,
Community Legal Services of Mid Florida,ed286ee2-4176-4e58-902a-f65d089838fe,Tavares Office,5b6db92e-941c-4a8a-bfae-4a0343ca458b,"226 W. Main Street, Tavares, FL 32778",,main: 352-343-0815
Community Legal Services of Mid Florida,ed286ee2-4176-4e58-902a-f65d089838fe,TRANSFERRED Cases,5bd38c66-21f0-4c7e-8244-d6f343ca458b,State: FL,,
Community Legal Services of Mid Florida,ed286ee2-4176-4e58-902a-f65d089838fe,Vollusia,5bd38c66-8558-4206-b6b7-d6f343ca458b,State: FL,,
Community Legal Services of Mid Florida,ed286ee2-4176-4e58-902a-f65d089838fe,Volusia,5b6db92e-22bc-47c3-ac8e-454f43ca458b,State: FL,,
Community Legal Services of Mid Florida,ed286ee2-4176-4e58-902a-f65d089838fe,Website,5bd38c66-10a0-4b5e-b13a-d6f343ca458b,State: FL,,
"Florida Legal Services, Inc.",c5573d56-fefd-48f0-8b30-23c6c0ca6877,Default Office,5bd38c39-9d4c-4766-af6d-7254d0502007,State: FL,,
"Florida Legal Services, Inc.",c5573d56-fefd-48f0-8b30-23c6c0ca6877,Default Office,5bd38c37-3fc4-4b9a-aa68-7254d0502007,State: FL,,
"Florida Legal Services, Inc.",c5573d56-fefd-48f0-8b30-23c6c0ca6877,DV Hotline,5bd38c38-7ecc-485d-a249-7254d0502007,State: FL,,
"Florida Legal Services, Inc.",c5573d56-fefd-48f0-8b30-23c6c0ca6877,FILS Intake,5bd38c3c-e3f4-4a32-9c58-7254d0502007,State: FL,,
"Florida Legal Services, Inc.",c5573d56-fefd-48f0-8b30-23c6c0ca6877,FILS Transition House,5bd38c3a-6350-4d53-8095-7254d0502007,State: FL,,
"Florida Legal Services, Inc.",c5573d56-fefd-48f0-8b30-23c6c0ca6877,Florida Institutional Legal Services,5bd38c38-7d48-46f3-a7ad-7254d0502007,State: FL,,
"Florida Legal Services, Inc.",c5573d56-fefd-48f0-8b30-23c6c0ca6877,Florida Institutional Legal Services,5bd38c3c-4abc-4904-a1b6-7254d0502007,"12921 SW 1st Rd., Ste. 107 - #346, Newberry, FL 32669",,"tollfree: 888-375-2494, main: 352-375-2494"
"Florida Legal Services, Inc.",c5573d56-fefd-48f0-8b30-23c6c0ca6877,FLS General,5bb7c142-c44c-4314-8570-34d2d0502007,State: FL,,
"Florida Legal Services, Inc.",c5573d56-fefd-48f0-8b30-23c6c0ca6877,Jacksonville,5bd38c39-5170-4655-ad6a-7254d0502007,State: FL,,
"Florida Legal Services, Inc.",c5573d56-fefd-48f0-8b30-23c6c0ca6877,Jacksonville Advocacy Office,5bd38c39-ef84-4f1d-94b9-7254d0502007,State: FL,,
"Florida Legal Services, Inc.",c5573d56-fefd-48f0-8b30-23c6c0ca6877,Miami,5bd38c3a-c418-413f-b025-7254d0502007,State: FL,,
"Florida Legal Services, Inc.",c5573d56-fefd-48f0-8b30-23c6c0ca6877,Miami Office,5bd38c3a-6628-459c-85ca-7254d0502007,"3000 Biscayne Blvd., Suite 450, Miami, FL 33137",,
"Florida Legal Services, Inc.",c5573d56-fefd-48f0-8b30-23c6c0ca6877,Migrant Farmworker Justice Project,5bd38c3c-8d70-4b1d-8c36-7254d0502007,State: FL,,
"Florida Legal Services, Inc.",c5573d56-fefd-48f0-8b30-23c6c0ca6877,Newberry Office,5bd38c3b-8134-40e4-bef0-7254d0502007,State: FL,,
"Florida Legal Services, Inc.",c5573d56-fefd-48f0-8b30-23c6c0ca6877,Orlando Office,5bd38c3b-9ef8-4076-8e53-7254d0502007,State: FL,,
"Florida Legal Services, Inc.",c5573d56-fefd-48f0-8b30-23c6c0ca6877,Rx Helpline,5bd38c38-c094-4453-8717-7254d0502007,,,
"Florida Legal Services, Inc.",c5573d56-fefd-48f0-8b30-23c6c0ca6877,Tallahassee,5bd38c39-d5dc-4614-913d-7254d0502007,State: FL,,
"Florida Legal Services, Inc.",c5573d56-fefd-48f0-8b30-23c6c0ca6877,Tallahassee,5bd38c3b-bebc-44ff-9fe4-7254d0502007,"2425 Torreya Drive, Tallahassee, FL 32303",,
"Florida Legal Services, Inc.",c5573d56-fefd-48f0-8b30-23c6c0ca6877,Three Rivers Legal Services,5bd38c38-7c3c-403f-9174-7254d0502007,"335 NW Lake City Ave., Lake City, FL 32056-3067",,
"Florida Rural Legal Services, Inc.",981fadb3-f441-4d9f-9442-5cfc5cf3e3c5,Administration,5bd38cb8-b768-4b36-8be3-76bdd0502007,"1321 E. Memorial Blvd., Lakeland, FL 33801",,main: 863-688-7376
"Florida Rural Legal Services, Inc.",981fadb3-f441-4d9f-9442-5cfc5cf3e3c5,Administration - FTM,5bd38cb8-e9d8-4076-9763-76bdd0502007,"3210 Cleveland Avenue, Suite 101, Fort Myers, FL 33901",,main: 239-334-4554
"Florida Rural Legal Services, Inc.",981fadb3-f441-4d9f-9442-5cfc5cf3e3c5,Advice Line,5bb51220-5d90-4b93-a331-07f2d0502007,State: FL,,
"Florida Rural Legal Services, Inc.",981fadb3-f441-4d9f-9442-5cfc5cf3e3c5,Belle Glade,5bd38cb6-3c70-47ee-91a4-76bdd0502007,State: FL,,
"Florida Rural Legal Services, Inc.",981fadb3-f441-4d9f-9442-5cfc5cf3e3c5,Default Office,5bd38cb5-e7e8-4151-90a3-76bdd0502007,State: FL,,
"Florida Rural Legal Services, Inc.",981fadb3-f441-4d9f-9442-5cfc5cf3e3c5,Do Not Use,5bd38cb6-6cb8-4e59-a89e-76bdd0502007,State: FL,,
"Florida Rural Legal Services, Inc.",981fadb3-f441-4d9f-9442-5cfc5cf3e3c5,Florida Equal Justice Center,5bd38cb7-5964-44ee-b927-76bdd0502007,State: FL,,
"Florida Rural Legal Services, Inc.",981fadb3-f441-4d9f-9442-5cfc5cf3e3c5,Fort Myers,5b7b298d-7b6c-4101-a661-09f3d0502007,State: FL,,
"Florida Rural Legal Services, Inc.",981fadb3-f441-4d9f-9442-5cfc5cf3e3c5,Fort Pierce,5b75e68f-79cc-42cd-94f0-5dbdd0502007,State: FL,,
"Florida Rural Legal Services, Inc.",981fadb3-f441-4d9f-9442-5cfc5cf3e3c5,Ft. Pierce,5bd38cb7-9d0c-4b90-aa83-76bdd0502007,"510 South US Highway 1, Suite 4, Fort Pierce, FL 34950",,main: 772-489-4660
"Florida Rural Legal Services, Inc.",981fadb3-f441-4d9f-9442-5cfc5cf3e3c5,Immokalee Office,5bd38cb6-36a0-425a-b30b-76bdd0502007,State: FL,,
"Florida Rural Legal Services, Inc.",981fadb3-f441-4d9f-9442-5cfc5cf3e3c5,Lakeland Office,5b7b298d-b768-482d-94d1-09f3d0502007,State: FL,,
"Florida Rural Legal Services, Inc.",981fadb3-f441-4d9f-9442-5cfc5cf3e3c5,West Palm Beach,5bb51221-c17c-4556-939f-07f2d0502007,State: FL,,
"Gulfcoast Legal Services, Inc.",23993f07-47c5-49d6-9526-80f5423afd40,1 St. Petersburg,5b4e31ea-5fc0-499c-834b-539cd0502003,"501 1st Avenue North, suite 420, St.petersburg, FL 33701",,main: 7274-821-0726
"Gulfcoast Legal Services, Inc.",23993f07-47c5-49d6-9526-80f5423afd40,2 Bradenton,5b561ce0-df18-427b-8a07-3405d0502003,"1112 Manatee Avenue East, second floor, Bradenton, FL 34205",,main: 941-746-6151
"Gulfcoast Legal Services, Inc.",23993f07-47c5-49d6-9526-80f5423afd40,3 Clearwater,5bd38cd8-92f0-43ac-b261-0d11d0502003,State: FL,,
"Gulfcoast Legal Services, Inc.",23993f07-47c5-49d6-9526-80f5423afd40,4 Sarasota,5bd38cd7-3748-4473-9f3b-0d11d0502003,State: FL,,
"Gulfcoast Legal Services, Inc.",23993f07-47c5-49d6-9526-80f5423afd40,Bradenton,5bd38cd7-4dd4-46d9-8cbb-0d11d0502003,"430 - 12th Street West, Bradenton, FL 34205",,
"Gulfcoast Legal Services, Inc.",23993f07-47c5-49d6-9526-80f5423afd40,Bradenton Family Law,5bd38cd9-c2e0-43b5-97d8-0d11d0502003,State: FL,,
"Gulfcoast Legal Services, Inc.",23993f07-47c5-49d6-9526-80f5423afd40,Bradenton  Financial Stability,5bd38cdc-9518-47b8-ade7-0d11d0502003,State: FL,,
"Gulfcoast Legal Services, Inc.",23993f07-47c5-49d6-9526-80f5423afd40,Bradenton Housing/Foreclosure,5bd38cdb-5540-40e0-9d1f-0d11d0502003,State: FL,,
"Gulfcoast Legal Services, Inc.",23993f07-47c5-49d6-9526-80f5423afd40,Bradenton Immigration,5bd38cda-3650-4a6f-9358-0d11d0502003,State: FL,,
"Gulfcoast Legal Services, Inc.",23993f07-47c5-49d6-9526-80f5423afd40,Bradenton Public Benefits,5bd38cd9-0ad8-4ac0-84ac-0d11d0502003,State: FL,,
"Gulfcoast Legal Services, Inc.",23993f07-47c5-49d6-9526-80f5423afd40,Clearwater,5bd38cd9-7e20-4128-bf04-0d11d0502003,"314 South Missouri Ave., Suite 109, Clearwater, FL 33756",,
"Gulfcoast Legal Services, Inc.",23993f07-47c5-49d6-9526-80f5423afd40,Clearwater Elder Law,5bd38cdd-9554-4eeb-9cd4-0d11d0502003,State: FL,,
"Gulfcoast Legal Services, Inc.",23993f07-47c5-49d6-9526-80f5423afd40,Clearwater Family Law,5bd38cdd-3494-44cf-ad4e-0d11d0502003,State: FL,,
"Gulfcoast Legal Services, Inc.",23993f07-47c5-49d6-9526-80f5423afd40,Clearwater Housing/Foreclosure,5bd38cde-0a04-41fa-9f6c-0d11d0502003,State: FL,,
"Gulfcoast Legal Services, Inc.",23993f07-47c5-49d6-9526-80f5423afd40,Clearwater Immigration,5bd38cde-24d8-43bb-a7f1-0d11d0502003,State: FL,,
"Gulfcoast Legal Services, Inc.",23993f07-47c5-49d6-9526-80f5423afd40,Default Office,5bd38cd7-e628-4dff-a7e1-0d11d0502003,State: FL,,
"Gulfcoast Legal Services, Inc.",23993f07-47c5-49d6-9526-80f5423afd40,Family Law,5bd38cd8-2250-4ce4-81de-0d11d0502003,State: FL,,
"Gulfcoast Legal Services, Inc.",23993f07-47c5-49d6-9526-80f5423afd40,Hillsborough,5bd38cd8-50ec-49c8-819c-0d11d0502003,"The Family Justice Center, 9309 N. Florida Ave., Suite 109, Tampa, FL 33612",,
"Gulfcoast Legal Services, Inc.",23993f07-47c5-49d6-9526-80f5423afd40,Pasco,5bd38cd8-4fa0-4c19-a9f8-0d11d0502003,State: FL,,
"Gulfcoast Legal Services, Inc.",23993f07-47c5-49d6-9526-80f5423afd40,Sarasota,5bd38cdc-1f0c-407b-80d7-0d11d0502003,"Glasser-Schoenbaum Human Services Center, 1750 - 17th Street, Building I, Sarasota, FL 34234",,
"Gulfcoast Legal Services, Inc.",23993f07-47c5-49d6-9526-80f5423afd40,Sarasota  Financial Stability,5bd38cdd-a27c-4855-82e5-0d11d0502003,State: FL,,
"Gulfcoast Legal Services, Inc.",23993f07-47c5-49d6-9526-80f5423afd40,Sarasota Housing/Foreclosure,5bd38cda-853c-4399-bc73-0d11d0502003,State: FL,,
"Gulfcoast Legal Services, Inc.",23993f07-47c5-49d6-9526-80f5423afd40,Sarasota Housing/Foreclosure,5bd38cdb-6658-4e94-91fd-0d11d0502003,State: FL,,
"Gulfcoast Legal Services, Inc.",23993f07-47c5-49d6-9526-80f5423afd40,St. Pete Administration,5bd38cda-2098-4a6d-bd10-0d11d0502003,State: FL,,
"Gulfcoast Legal Services, Inc.",23993f07-47c5-49d6-9526-80f5423afd40,St. Pete Development,5bd38cda-0abc-41f0-9b62-0d11d0502003,State: FL,,
"Gulfcoast Legal Services, Inc.",23993f07-47c5-49d6-9526-80f5423afd40,St. Pete Elder Law,5bd38cdc-7088-41c3-8f81-0d11d0502003,State: FL,,
"Gulfcoast Legal Services, Inc.",23993f07-47c5-49d6-9526-80f5423afd40,St. Pete Family Law,5bd38cdb-6200-485e-9942-0d11d0502003,State: FL,,
"Gulfcoast Legal Services, Inc.",23993f07-47c5-49d6-9526-80f5423afd40,St. Pete Financial Stability,5bd38cdd-8f14-48df-a667-0d11d0502003,State: FL,,
"Gulfcoast Legal Services, Inc.",23993f07-47c5-49d6-9526-80f5423afd40,St. Pete Housing/ Foreclosure,5bd38cd9-a8f8-4fef-b230-0d11d0502003,State: FL,,
"Gulfcoast Legal Services, Inc.",23993f07-47c5-49d6-9526-80f5423afd40,St. Pete Immigration,5bd38cdb-f0d8-480f-a4df-0d11d0502003,State: FL,,
"Gulfcoast Legal Services, Inc.",23993f07-47c5-49d6-9526-80f5423afd40,St. Pete Low Income Tax Clinic,5bd38cde-60d8-4f13-870d-0d11d0502003,State: FL,,
"Gulfcoast Legal Services, Inc.",23993f07-47c5-49d6-9526-80f5423afd40,St. Petersburg,5bd38cdc-7b34-434a-82a1-0d11d0502003,"501 First Avenue North, Suite 420, St. Petersburg, FL 33701",,
"Heart of Florida Legal Aid Society, Inc.",9c4a632b-0241-4dc2-9228-bd76774bb337,Centro Campesino Pilot Project,5bd38d87-c1d4-49de-92b3-0ea8d0502006,State: FL,,
"Heart of Florida Legal Aid Society, Inc.",9c4a632b-0241-4dc2-9228-bd76774bb337,Centro Campesino Pilot Project,5bd38d87-eae0-4130-87ba-0ea8d0502006,State: FL,,
"Heart of Florida Legal Aid Society, Inc.",9c4a632b-0241-4dc2-9228-bd76774bb337,Centro Campesino Pilot Project,5bd38d88-ddc0-4a2f-9b59-0ea8d0502006,State: FL,,
"Heart of Florida Legal Aid Society, Inc.",9c4a632b-0241-4dc2-9228-bd76774bb337,Default Office,5bd38d81-ad98-4f84-92aa-0ea8d0502006,State: FL,,
"Heart of Florida Legal Aid Society, Inc.",9c4a632b-0241-4dc2-9228-bd76774bb337,FBF-LEA Immigration Project,5bd38d86-92d4-405f-81f7-0ea8d0502006,State: FL,,
"Heart of Florida Legal Aid Society, Inc.",9c4a632b-0241-4dc2-9228-bd76774bb337,FCADV - Match,5bd38d81-6c7c-4fee-b388-0ea8d0502006,State: FL,,
"Heart of Florida Legal Aid Society, Inc.",9c4a632b-0241-4dc2-9228-bd76774bb337,FCADV - STIMULUS,5bd38d83-cfa4-440f-8491-0ea8d0502006,State: FL,,
"Heart of Florida Legal Aid Society, Inc.",9c4a632b-0241-4dc2-9228-bd76774bb337,FCADV - VAWA,5bd38d86-03a4-495a-9ab2-0ea8d0502006,State: FL,,
"Heart of Florida Legal Aid Society, Inc.",9c4a632b-0241-4dc2-9228-bd76774bb337,FCADV VAWA/UWCF FINANCIAL FITNESS- ADVICE,5bd38d87-4730-4c38-991f-0ea8d0502006,State: FL,,
"Heart of Florida Legal Aid Society, Inc.",9c4a632b-0241-4dc2-9228-bd76774bb337,FCADV VAWA/UWCF FINANCIAL FITNESS- APPROVED,5bd38d86-98f4-40ed-9903-0ea8d0502006,State: FL,,
"Heart of Florida Legal Aid Society, Inc.",9c4a632b-0241-4dc2-9228-bd76774bb337,Hardee - FCADV - Dom/Custody,5bd38d82-6334-42fa-8889-0ea8d0502006,State: FL,,
"Heart of Florida Legal Aid Society, Inc.",9c4a632b-0241-4dc2-9228-bd76774bb337,Hardee - FCADV - Dvi,5bd38d82-0f4c-45b6-9998-0ea8d0502006,State: FL,,
"Heart of Florida Legal Aid Society, Inc.",9c4a632b-0241-4dc2-9228-bd76774bb337,Hardee - HOFLA,5bd38d82-1d28-425a-a604-0ea8d0502006,State: FL,,
"Heart of Florida Legal Aid Society, Inc.",9c4a632b-0241-4dc2-9228-bd76774bb337,Heartland For Children Referral,5bd38d85-bca8-4226-96e5-0ea8d0502006,State: FL,,
"Heart of Florida Legal Aid Society, Inc.",9c4a632b-0241-4dc2-9228-bd76774bb337,Heartland For Children Referral,5bd38d84-e50c-4672-81f5-0ea8d0502006,State: FL,,
"Heart of Florida Legal Aid Society, Inc.",9c4a632b-0241-4dc2-9228-bd76774bb337,Heartland For Children Referral,5bd38d86-4844-44ae-8efc-0ea8d0502006,State: FL,,
"Heart of Florida Legal Aid Society, Inc.",9c4a632b-0241-4dc2-9228-bd76774bb337,Heart of Florida Legal Aid,5bd38d83-e9b4-4ab7-ae6d-0ea8d0502006,State: FL,,
"Heart of Florida Legal Aid Society, Inc.",9c4a632b-0241-4dc2-9228-bd76774bb337,Heart of Florida Legal Aid - Hardee,5bd38d84-b1f8-4e8e-b8c8-0ea8d0502006,State: FL,,
"Heart of Florida Legal Aid Society, Inc.",9c4a632b-0241-4dc2-9228-bd76774bb337,Heart of Florida Legal Aid - Highlands,5bd38d84-6f78-4551-af08-0ea8d0502006,State: FL,,
"Heart of Florida Legal Aid Society, Inc.",9c4a632b-0241-4dc2-9228-bd76774bb337,Heart of Florida Legal Aid - Highlands - FCADV VAWA,5bd38d87-b238-4d2c-8d9b-0ea8d0502006,State: FL,,
"Heart of Florida Legal Aid Society, Inc.",9c4a632b-0241-4dc2-9228-bd76774bb337,Highlands - FCADV - Dom/Custody,5bd38d83-d8e4-459f-a30b-0ea8d0502006,State: FL,,
"Heart of Florida Legal Aid Society, Inc.",9c4a632b-0241-4dc2-9228-bd76774bb337,Highlands - FCADV - Dvi,5bd38d81-5fc8-43f6-a3a1-0ea8d0502006,State: FL,,
"Heart of Florida Legal Aid Society, Inc.",9c4a632b-0241-4dc2-9228-bd76774bb337,Immigration,5bd38d80-2d58-47e1-81f0-0ea8d0502006,State: FL,,
"Heart of Florida Legal Aid Society, Inc.",9c4a632b-0241-4dc2-9228-bd76774bb337,Polk - FCADV - Dom/Custody,5bd38d83-34ac-449f-a0e2-0ea8d0502006,State: FL,,
"Heart of Florida Legal Aid Society, Inc.",9c4a632b-0241-4dc2-9228-bd76774bb337,Polk - FCADV - Dvi,5bd38d82-e894-4df5-9f91-0ea8d0502006,State: FL,,
"Heart of Florida Legal Aid Society, Inc.",9c4a632b-0241-4dc2-9228-bd76774bb337,United Way Financial Fitness Referral - Advice,5bd38d85-a558-4f31-836b-0ea8d0502006,State: FL,,
"Heart of Florida Legal Aid Society, Inc.",9c4a632b-0241-4dc2-9228-bd76774bb337,United Way Financial Fitness Referral - Approved,5bd38d85-3130-4d07-ad4c-0ea8d0502006,State: FL,,
"Heart of Florida Legal Aid Society, Inc.",9c4a632b-0241-4dc2-9228-bd76774bb337,United Way Financial Fitness Referral - HG,5bd38d84-c7a8-4438-a279-0ea8d0502006,State: FL,,
"Heart of Florida Legal Aid Society, Inc.",9c4a632b-0241-4dc2-9228-bd76774bb337,United Way Financil Fitness Referral - Advice,5bd38d85-5e60-4090-b192-0ea8d0502006,State: FL,,
Jacksonville Area Legal Aid,38495f6a-cea9-4572-91d6-1277fc0b23c4,Adams Street,5b5b55bb-29a4-4924-bdf1-7cd3d0502004,"126 W Adams, Jacksonville, FL 32202",,
Jacksonville Area Legal Aid,38495f6a-cea9-4572-91d6-1277fc0b23c4,Clay County,5bd38dae-ab80-48c1-a118-771fd0502004,"3540 Highway 17, Ste 101, Green Cove Springs, FL 32043",,
Jacksonville Area Legal Aid,38495f6a-cea9-4572-91d6-1277fc0b23c4,Default Office,5bd38dad-ce40-456c-a28f-771fd0502004,State: FL,,
Jacksonville Area Legal Aid,38495f6a-cea9-4572-91d6-1277fc0b23c4,Green Cove Springs,5bd38dad-7bf0-47b8-87fc-771fd0502004,State: FL,,
Jacksonville Area Legal Aid,38495f6a-cea9-4572-91d6-1277fc0b23c4,Orange Park,5bd38dad-513c-4401-a959-771fd0502004,State: FL,,
Jacksonville Area Legal Aid,38495f6a-cea9-4572-91d6-1277fc0b23c4,PAI Compensated,5bd38dac-0abc-423b-85ac-771fd0502004,State: FL,,
Jacksonville Area Legal Aid,38495f6a-cea9-4572-91d6-1277fc0b23c4,Pro Bono,5bd38dac-81cc-45e9-934a-771fd0502004,State: FL,,
Jacksonville Area Legal Aid,38495f6a-cea9-4572-91d6-1277fc0b23c4,Ribault,5bd38dac-4b84-497c-b6ad-771fd0502004,State: FL,,
Jacksonville Area Legal Aid,38495f6a-cea9-4572-91d6-1277fc0b23c4,Saint Johns,5bd38dae-a610-45ae-815e-771fd0502004,"222 San Marco Ave, St. Augustine, FL 32084",,
Legal Aid Foundation of Tallahassee,6246bc4f-64c6-4897-b3e6-a7fc32eb32be,Default Office,5bd38e64-9b5c-4bcd-ad9f-7948d0502004,State: FL,,
Legal Aid Foundation of Tallahassee,6246bc4f-64c6-4897-b3e6-a7fc32eb32be,Main,5bd38e63-f990-414e-9465-7948d0502004,,,
Legal Aid of Manasota,df482cd6-f5e4-4494-9ab7-d70c408af11a,Default Office,5bd38e44-8eb0-4e46-8817-1050d0502006,State: FL,,
Legal Aid of Manasota,df482cd6-f5e4-4494-9ab7-d70c408af11a,Manatee Office,5b4e50e7-5d34-4279-8223-1fd3d0502006,"1101 6th Avenue West, Suite 111, Bradenton, FL 34205",,main: 941-747-1628
Legal Aid of Manasota,df482cd6-f5e4-4494-9ab7-d70c408af11a,Other,5bd38e44-0cd0-4909-ab66-1050d0502006,State: FL,,
Legal Aid of Manasota,df482cd6-f5e4-4494-9ab7-d70c408af11a,Sarasota Office,5b4e4553-293c-48f0-a6d9-49aed0502006,"1900 Main Street, Suite 302, Sarasota, FL 34236",,main: 941-366-0038
Legal Aid of Manasota,df482cd6-f5e4-4494-9ab7-d70c408af11a,Venice Office,5bd38e45-4a5c-4e87-8b2b-1050d0502006,"749 Shamrock Boulevard, Venice, FL 34293",,main: 941-492-4631
"Legal Aid Service of Broward County, Inc.",ee187f93-4b48-4158-a0d6-4a9d539715c5,Administration,5bd38b9e-0168-46f5-a128-6eecd0502004,State: FL,,
"Legal Aid Service of Broward County, Inc.",ee187f93-4b48-4158-a0d6-4a9d539715c5,Affordable Housing,5bd38ba5-1990-4efb-94c0-6eecd0502004,State: FL,,
"Legal Aid Service of Broward County, Inc.",ee187f93-4b48-4158-a0d6-4a9d539715c5,BLC,5bd38b9e-f6cc-4f11-b9c3-6eecd0502004,State: FL,,
"Legal Aid Service of Broward County, Inc.",ee187f93-4b48-4158-a0d6-4a9d539715c5,Cental,5bd38ba5-f324-44a9-ad7a-6eecd0502004,State: FL,,
"Legal Aid Service of Broward County, Inc.",ee187f93-4b48-4158-a0d6-4a9d539715c5,Central,5bd38ba4-6d90-4380-bcb8-6eecd0502004,State: FL,,
"Legal Aid Service of Broward County, Inc.",ee187f93-4b48-4158-a0d6-4a9d539715c5,Central Office,5bd38ba4-a058-42d1-8f95-6eecd0502004,State: FL,,
"Legal Aid Service of Broward County, Inc.",ee187f93-4b48-4158-a0d6-4a9d539715c5,Children's Advocacy,5bd38ba8-f7f8-43e6-88e2-6eecd0502004,"491 N. State Road 7, Plantation, FL 33317",http://www.browardlegalaid.org/services/childrens-advocacy-project,main: 954-736-2411
"Legal Aid Service of Broward County, Inc.",ee187f93-4b48-4158-a0d6-4a9d539715c5,Children's Advocacy,5bd38b9f-f1d0-4549-a4e9-6eecd0502004,State: FL,,
"Legal Aid Service of Broward County, Inc.",ee187f93-4b48-4158-a0d6-4a9d539715c5,Consumer/Ryan White,5bd38ba4-13c4-4f9a-80f7-6eecd0502004,State: FL,,
"Legal Aid Service of Broward County, Inc.",ee187f93-4b48-4158-a0d6-4a9d539715c5,Default Office,5bd38b9d-fc80-4d03-b040-6eecd0502004,State: FL,,
"Legal Aid Service of Broward County, Inc.",ee187f93-4b48-4158-a0d6-4a9d539715c5,Development,5bd38ba6-cf2c-4544-8724-6eecd0502004,State: FL,,
"Legal Aid Service of Broward County, Inc.",ee187f93-4b48-4158-a0d6-4a9d539715c5,Emma Lazarus-Immigrant Ad,5bd38ba4-5454-494c-b340-6eecd0502004,State: FL,,
"Legal Aid Service of Broward County, Inc.",ee187f93-4b48-4158-a0d6-4a9d539715c5,Expungement,5bd38ba6-221c-47cf-9ee2-6eecd0502004,State: FL,,
"Legal Aid Service of Broward County, Inc.",ee187f93-4b48-4158-a0d6-4a9d539715c5,Family Law,5bd38ba3-9fc0-49c2-a906-6eecd0502004,State: FL,,
"Legal Aid Service of Broward County, Inc.",ee187f93-4b48-4158-a0d6-4a9d539715c5,Family Law Unit,5bd38ba0-106c-4b83-973d-6eecd0502004,State: FL,,
"Legal Aid Service of Broward County, Inc.",ee187f93-4b48-4158-a0d6-4a9d539715c5,Head,5bd38ba3-cb2c-44ad-88d9-6eecd0502004,State: FL,,
"Legal Aid Service of Broward County, Inc.",ee187f93-4b48-4158-a0d6-4a9d539715c5,Head Office,5bd38ba3-6fa8-40b4-bd60-6eecd0502004,State: FL,,
"Legal Aid Service of Broward County, Inc.",ee187f93-4b48-4158-a0d6-4a9d539715c5,Headquarters,5bd38ba2-00c4-48dd-bf7f-6eecd0502004,State: FL,,
"Legal Aid Service of Broward County, Inc.",ee187f93-4b48-4158-a0d6-4a9d539715c5,Homeless,5bd38ba2-9c00-4a71-a76f-6eecd0502004,State: FL,,
"Legal Aid Service of Broward County, Inc.",ee187f93-4b48-4158-a0d6-4a9d539715c5,Homeless Unit,5bd38b9e-f830-434a-90c3-6eecd0502004,State: FL,,
"Legal Aid Service of Broward County, Inc.",ee187f93-4b48-4158-a0d6-4a9d539715c5,Housing,5bd38ba8-0794-4b22-bb4a-6eecd0502004,"491 N. State Road 7, Plantation, FL 33317",http://www.browardlegalaid.org/services/housingconsumer,main: 954-736-2414
"Legal Aid Service of Broward County, Inc.",ee187f93-4b48-4158-a0d6-4a9d539715c5,Immigration,5bd38ba7-9430-4649-9aaf-6eecd0502004,"491 N. State Road 7, Plantation, FL 33317",http://www.browardlegalaid.org/services/immigration,main: 954-358-5647
"Legal Aid Service of Broward County, Inc.",ee187f93-4b48-4158-a0d6-4a9d539715c5,Immokalee Office,5bd38ba6-8620-4831-a17f-6eecd0502004,State: FL,,
"Legal Aid Service of Broward County, Inc.",ee187f93-4b48-4158-a0d6-4a9d539715c5,Las Pompano,5bd38b9e-e030-42bb-a44d-6eecd0502004,State: FL,,
"Legal Aid Service of Broward County, Inc.",ee187f93-4b48-4158-a0d6-4a9d539715c5,Low Income TP Clinic,5bd38ba9-5f74-44b6-b57c-6eecd0502004,"491 North State Road 7, Plantation, FL 33317",http://www.browardlegalaid.org/services/low-income-taxpayer-clinic,main: 954-736-2477
"Legal Aid Service of Broward County, Inc.",ee187f93-4b48-4158-a0d6-4a9d539715c5,Main,5bd38ba2-f708-483b-be6a-6eecd0502004,State: FL,,
"Legal Aid Service of Broward County, Inc.",ee187f93-4b48-4158-a0d6-4a9d539715c5,Main Office,5bd38ba2-d52c-451b-8387-6eecd0502004,State: FL,,
"Legal Aid Service of Broward County, Inc.",ee187f93-4b48-4158-a0d6-4a9d539715c5,Mission United,5bd31b5a-4644-4d2e-a282-402fd0502004,"491 N. State Road 7, Plantation, FL 33317",http://www.browardlegalaid.org/mission-united-veterans-project-sign-up-form,main: 954-358-5643
"Legal Aid Service of Broward County, Inc.",ee187f93-4b48-4158-a0d6-4a9d539715c5,Naples,5bd38ba1-09b8-4bba-a29c-6eecd0502004,State: FL,,
"Legal Aid Service of Broward County, Inc.",ee187f93-4b48-4158-a0d6-4a9d539715c5,Naples Office,5bd38ba0-cb50-4a93-ac9e-6eecd0502004,State: FL,,
"Legal Aid Service of Broward County, Inc.",ee187f93-4b48-4158-a0d6-4a9d539715c5,Naples Office,5bd38ba5-2e28-4b72-b52a-6eecd0502004,State: FL,,
"Legal Aid Service of Broward County, Inc.",ee187f93-4b48-4158-a0d6-4a9d539715c5,Plantation,5bd38ba1-8e70-4de9-8c17-6eecd0502004,State: FL,,
"Legal Aid Service of Broward County, Inc.",ee187f93-4b48-4158-a0d6-4a9d539715c5,Pro Bono,5bd38ba8-ce48-48b6-bee9-6eecd0502004,"491 North State Road 7, Plantation, FL 33317",,main: 954-736-2427
"Legal Aid Service of Broward County, Inc.",ee187f93-4b48-4158-a0d6-4a9d539715c5,Public Benefits,5bd38b9f-d114-47af-9e33-6eecd0502004,State: FL,,
"Legal Aid Service of Broward County, Inc.",ee187f93-4b48-4158-a0d6-4a9d539715c5,Refugee,5bd38b9f-0cdc-406f-b269-6eecd0502004,State: FL,,
"Legal Aid Service of Broward County, Inc.",ee187f93-4b48-4158-a0d6-4a9d539715c5,Ryan White,5bd38ba9-dc50-4780-af1c-6eecd0502004,"491 N. State Road 7, Plantation, FL 33317",http://www.browardlegalaid.org/services/hiv-aids-project,main: 954-358-5635
"Legal Aid Service of Broward County, Inc.",ee187f93-4b48-4158-a0d6-4a9d539715c5,Ryan White (HIV/AIDS),5bd38b9d-d39c-4826-8ac8-6eecd0502004,State: FL,,
"Legal Aid Service of Broward County, Inc.",ee187f93-4b48-4158-a0d6-4a9d539715c5,Senior Law,5bd38ba1-5298-40fe-801e-6eecd0502004,State: FL,,
"Legal Aid Service of Broward County, Inc.",ee187f93-4b48-4158-a0d6-4a9d539715c5,Senior Law Unit,5bd38b9f-0bdc-4761-a533-6eecd0502004,State: FL,,
"Legal Aid Service of Broward County, Inc.",ee187f93-4b48-4158-a0d6-4a9d539715c5,Special Projects,5bd38b9d-7474-4eb0-82d4-6eecd0502004,State: FL,,
"Legal Aid Service of Broward County, Inc.",ee187f93-4b48-4158-a0d6-4a9d539715c5,VAWA,5bd38ba0-5a78-4c5a-b79d-6eecd0502004,State: FL,,
"Legal Aid Service of Broward County, Inc.",ee187f93-4b48-4158-a0d6-4a9d539715c5,VOCA - Consumer,5bd38ba7-4e3c-4bd0-880d-6eecd0502004,"491 N. State Road 7, Plantation, FL 33317",,main: 954-765-8950
"Legal Aid Service of Broward County, Inc.",ee187f93-4b48-4158-a0d6-4a9d539715c5,VOCA - Housing,5bd38ba6-06a4-4c6b-b9ad-6eecd0502004,"491 N. State Road 7, Plantation, FL 33317",,main: 954-765-8950
"Legal Aid Service of Broward County, Inc.",ee187f93-4b48-4158-a0d6-4a9d539715c5,VOCA - Immigration,5bd38ba7-30c0-4fb9-95a5-6eecd0502004,"491 N. State Road 7, Plantation, FL 33317",,main: 954-765-8950
"Legal Aid Service of Broward County, Inc.",ee187f93-4b48-4158-a0d6-4a9d539715c5,WAGES,5bd38ba0-6574-49ba-afc5-6eecd0502004,State: FL,,
"Legal Aid Society of Palm Beach County, Inc.",8e371846-13d1-48f6-8cdd-0d4f0d74b201,Default Office,5bd38d0c-5218-4901-9269-7a13d0502006,State: FL,,
"Legal Aid Society of Palm Beach County, Inc.",8e371846-13d1-48f6-8cdd-0d4f0d74b201,FCP,5bd38d0c-fa68-4f10-84bd-7a13d0502006,,,
"Legal Aid Society of Palm Beach County, Inc.",8e371846-13d1-48f6-8cdd-0d4f0d74b201,Main,5b75cff1-518c-481c-a244-7f65d0502006,State: FL,,
"Legal Aid Society of Palm Beach County, Inc.",8e371846-13d1-48f6-8cdd-0d4f0d74b201,Pro Bono,5bd38d0b-044c-4514-949e-7a13d0502006,,,
"Legal Aid Society of the Orange County Bar Association, Inc.",7bdd4bfa-8075-4837-a198-257f55512612,Apopka Branch 2,5bd38dec-4a8c-4c39-8ea9-7531d0502004,,,
"Legal Aid Society of the Orange County Bar Association, Inc.",7bdd4bfa-8075-4837-a198-257f55512612,BETA-EJW BRANCH 5,5bd38dee-27a0-46cd-82e8-7531d0502004,State: FL,,
"Legal Aid Society of the Orange County Bar Association, Inc.",7bdd4bfa-8075-4837-a198-257f55512612,Claudia/Allen Branch 7,5bd38ded-7ab4-4fe4-b0ed-7531d0502004,State: FL,,
"Legal Aid Society of the Orange County Bar Association, Inc.",7bdd4bfa-8075-4837-a198-257f55512612,Consumer Docket 23,5bd38df0-c298-4b90-84b7-7531d0502004,State: FL,,
"Legal Aid Society of the Orange County Bar Association, Inc.",7bdd4bfa-8075-4837-a198-257f55512612,Default Office,5bd38de9-9788-4213-8ef1-7531d0502004,State: FL,,
"Legal Aid Society of the Orange County Bar Association, Inc.",7bdd4bfa-8075-4837-a198-257f55512612,East Orange Branch 3,5bd38dec-58d0-470c-b22f-7531d0502004,,,
"Legal Aid Society of the Orange County Bar Association, Inc.",7bdd4bfa-8075-4837-a198-257f55512612,Emergency Main Office,5bd38de9-ee2c-40d1-b878-7531d0502004,State: FL,,
"Legal Aid Society of the Orange County Bar Association, Inc.",7bdd4bfa-8075-4837-a198-257f55512612,Foreclosure Clinic 17,5bd38dee-0ad4-4fe5-a3bc-7531d0502004,State: FL,,
"Legal Aid Society of the Orange County Bar Association, Inc.",7bdd4bfa-8075-4837-a198-257f55512612,HIGHLANDS IMMIGRATION Branch 12,5bd38deb-0548-422d-9f1e-7531d0502004,,,
"Legal Aid Society of the Orange County Bar Association, Inc.",7bdd4bfa-8075-4837-a198-257f55512612,HILLSBOROUGH IMMIGRATION Branch 13,5bd38deb-5244-4c41-a205-7531d0502004,,,
"Legal Aid Society of the Orange County Bar Association, Inc.",7bdd4bfa-8075-4837-a198-257f55512612,Homeless Branch 8,5bd38dec-cfd4-47a2-84f6-7531d0502004,,,
"Legal Aid Society of the Orange County Bar Association, Inc.",7bdd4bfa-8075-4837-a198-257f55512612,JFS Orlando,5bd38df0-6210-45db-a614-7531d0502004,State: FL,,
"Legal Aid Society of the Orange County Bar Association, Inc.",7bdd4bfa-8075-4837-a198-257f55512612,LAKE IMMIGRATION Branch 9,5bd38dea-0688-4172-afe8-7531d0502004,,,
"Legal Aid Society of the Orange County Bar Association, Inc.",7bdd4bfa-8075-4837-a198-257f55512612,MAIN OFFICE BRANCH 1,5b573c2b-06e4-42ae-97de-5da8d0502004,"100 E. Robinson Street, Orlando, FL 32801",LegalAidOCBA.org,main: 407-841-8310
"Legal Aid Society of the Orange County Bar Association, Inc.",7bdd4bfa-8075-4837-a198-257f55512612,Main Office Co-Counsel A,5bd38ded-d42c-4c8a-a9c8-7531d0502004,State: FL,,
"Legal Aid Society of the Orange County Bar Association, Inc.",7bdd4bfa-8075-4837-a198-257f55512612,Main Office Co-Counsel B,5bd38ded-f5f4-4000-80ba-7531d0502004,State: FL,,
"Legal Aid Society of the Orange County Bar Association, Inc.",7bdd4bfa-8075-4837-a198-257f55512612,MANATEE IMMIGRATION Branch 14,5bd38deb-1920-4f82-896c-7531d0502004,,,
"Legal Aid Society of the Orange County Bar Association, Inc.",7bdd4bfa-8075-4837-a198-257f55512612,Mission United 22,5bd38def-4310-4249-8fa1-7531d0502004,State: FL,,
"Legal Aid Society of the Orange County Bar Association, Inc.",7bdd4bfa-8075-4837-a198-257f55512612,N/A,5bd38de9-1e54-4e07-8870-7531d0502004,State: FL,,
"Legal Aid Society of the Orange County Bar Association, Inc.",7bdd4bfa-8075-4837-a198-257f55512612,Ocoee,5bd38de9-6e30-411f-bfc9-7531d0502004,State: FL,,
"Legal Aid Society of the Orange County Bar Association, Inc.",7bdd4bfa-8075-4837-a198-257f55512612,Ocoee/Winter Garden Branch 4,5bd38ded-ca70-49ed-8e76-7531d0502004,,,
"Legal Aid Society of the Orange County Bar Association, Inc.",7bdd4bfa-8075-4837-a198-257f55512612,OSCEOLA IMMIGRATION Branch 11,5bd38dea-33d8-4233-b39e-7531d0502004,,,
"Legal Aid Society of the Orange County Bar Association, Inc.",7bdd4bfa-8075-4837-a198-257f55512612,POLK IMMIGRATION Branch 10,5bd38df0-1280-4433-8178-7531d0502004,State: FL,,
"Legal Aid Society of the Orange County Bar Association, Inc.",7bdd4bfa-8075-4837-a198-257f55512612,SPOUSE ABUSE/HH Branch 15,5bd38dec-60a4-4dbf-a9b5-7531d0502004,,,
"Legal Aid Society of the Orange County Bar Association, Inc.",7bdd4bfa-8075-4837-a198-257f55512612,SSVF INTAKE 21,5bd38def-a33c-4f36-b564-7531d0502004,"100 E. Robinson St., Orlando, FL 32801",,main: 407-841-8310
"Legal Aid Society of the Orange County Bar Association, Inc.",7bdd4bfa-8075-4837-a198-257f55512612,Tenant Foreclosure Clinic 19,5bd38dee-5368-473d-9f55-7531d0502004,State: FL,,
"Legal Aid Society of the Orange County Bar Association, Inc.",7bdd4bfa-8075-4837-a198-257f55512612,UAP - United Against Poverty,5bd38df1-00b8-4af8-bccd-7531d0502004,State: FL,,
"Legal Aid Society of the Orange County Bar Association, Inc.",7bdd4bfa-8075-4837-a198-257f55512612,VAC Office,5bd38dea-e48c-4c7e-b7a1-7531d0502004,State: FL,,
"Legal Aid Society of the Orange County Bar Association, Inc.",7bdd4bfa-8075-4837-a198-257f55512612,Veterans Clinic 20,5b576c1a-8728-4003-a8f0-455fd0502004,State: FL,,
"Legal Aid Society of the Orange County Bar Association, Inc.",7bdd4bfa-8075-4837-a198-257f55512612,Veterans Court 22,5bd38df0-0e48-4959-adfa-7531d0502004,State: FL,,
"Legal Aid Society of the Orange County Bar Association, Inc.",7bdd4bfa-8075-4837-a198-257f55512612,Washington Shores Branch 7,5bd38dea-b374-48b6-9424-7531d0502004,State: FL,,
"Legal Aid Society of the Orange County Bar Association, Inc.",7bdd4bfa-8075-4837-a198-257f55512612,Wayne Densch Foundation Branch 16,5bd38dee-d398-41d1-9557-7531d0502004,State: FL,,
"Legal Aid Society of the Orange County Bar Association, Inc.",7bdd4bfa-8075-4837-a198-257f55512612,Winter Park Branch/JFS Orlando 6,5bd38df1-bdbc-40ac-a0f3-7531d0502004,State: FL,,
Legal Services of Greater Miami,34cf3c0e-65ef-4367-96c3-3cbcd755df2f,ACCION,5bd38d2d-290c-4386-b906-08c3d0502003,,,
Legal Services of Greater Miami,34cf3c0e-65ef-4367-96c3-3cbcd755df2f,Default Office,5bd38d33-ee64-483a-942d-08c3d0502003,,,
Legal Services of Greater Miami,34cf3c0e-65ef-4367-96c3-3cbcd755df2f,FACLA Foreclosure,5bd38d33-d698-478c-8f80-08c3d0502003,State: FL,,
Legal Services of Greater Miami,34cf3c0e-65ef-4367-96c3-3cbcd755df2f,FLCTY,5bd38d33-3548-484c-a252-08c3d0502003,,,
Legal Services of Greater Miami,34cf3c0e-65ef-4367-96c3-3cbcd755df2f,HAC - North,5bd38d33-a4cc-4a18-b2e9-08c3d0502003,,,
Legal Services of Greater Miami,34cf3c0e-65ef-4367-96c3-3cbcd755df2f,HAC - South,5bd38d32-afd8-44b3-944a-08c3d0502003,,,
Legal Services of Greater Miami,34cf3c0e-65ef-4367-96c3-3cbcd755df2f,HLH,5bd38d32-4718-41a8-a643-08c3d0502003,,,
Legal Services of Greater Miami,34cf3c0e-65ef-4367-96c3-3cbcd755df2f,Holmes Elementary,5bd38d32-0864-46ab-acae-08c3d0502003,,,
Legal Services of Greater Miami,34cf3c0e-65ef-4367-96c3-3cbcd755df2f,Home-PR,5bd38d32-1e7c-41d8-aacc-08c3d0502003,,,
Legal Services of Greater Miami,34cf3c0e-65ef-4367-96c3-3cbcd755df2f,HWLP,5bd38d31-8ad0-4478-8243-08c3d0502003,,,
Legal Services of Greater Miami,34cf3c0e-65ef-4367-96c3-3cbcd755df2f,IFLA,5bd38d31-7608-4105-a120-08c3d0502003,,,
Legal Services of Greater Miami,34cf3c0e-65ef-4367-96c3-3cbcd755df2f,Key West,5bd38d31-d06c-4b76-9aa1-08c3d0502003,,,
Legal Services of Greater Miami,34cf3c0e-65ef-4367-96c3-3cbcd755df2f,KEY WEST,5bd38d31-c084-4d4b-83ca-08c3d0502003,,,
Legal Services of Greater Miami,34cf3c0e-65ef-4367-96c3-3cbcd755df2f,KWL,5bd38d30-6f10-4523-9eb0-08c3d0502003,,,
Legal Services of Greater Miami,34cf3c0e-65ef-4367-96c3-3cbcd755df2f,KWM,5bd38d30-3984-4534-ad06-08c3d0502003,,,
Legal Services of Greater Miami,34cf3c0e-65ef-4367-96c3-3cbcd755df2f,KWU,5bd38d30-f528-49ee-80f2-08c3d0502003,,,
Legal Services of Greater Miami,34cf3c0e-65ef-4367-96c3-3cbcd755df2f,LCEC,5bd38d30-b8dc-4a06-8411-08c3d0502003,,,
Legal Services of Greater Miami,34cf3c0e-65ef-4367-96c3-3cbcd755df2f,LITC,5bd38d2f-95a0-4470-a0ae-08c3d0502003,,,
Legal Services of Greater Miami,34cf3c0e-65ef-4367-96c3-3cbcd755df2f,Little Havana Accion,5bd38d2f-2794-42ad-85b3-08c3d0502003,,,
Legal Services of Greater Miami,34cf3c0e-65ef-4367-96c3-3cbcd755df2f,Little Havana Legal Proj,5bd38d2f-c968-4840-927f-08c3d0502003,,,
Legal Services of Greater Miami,34cf3c0e-65ef-4367-96c3-3cbcd755df2f,LSGMI,5b4ce8dd-6518-466a-a977-4d6cd0502003,"4343 West Flagler Street, Suite 100, Miami, FL",https://www.legalservicesmiami.org/contact-hours,"main: 305-576-0080, tollfree: 866-686-2760"
Legal Services of Greater Miami,34cf3c0e-65ef-4367-96c3-3cbcd755df2f,LSGMI-Never used,5bd38d2c-7d44-49f7-bc8c-08c3d0502003,State: FL,,
Legal Services of Greater Miami,34cf3c0e-65ef-4367-96c3-3cbcd755df2f,Main1,5bd38d2e-1b58-485d-9927-08c3d0502003,,,
Legal Services of Greater Miami,34cf3c0e-65ef-4367-96c3-3cbcd755df2f,Marathon,5bd38d2e-abd8-4538-a0ae-08c3d0502003,,,
Legal Services of Greater Miami,34cf3c0e-65ef-4367-96c3-3cbcd755df2f,MBLC,5bd38d2e-f580-422a-80f5-08c3d0502003,,,
Legal Services of Greater Miami,34cf3c0e-65ef-4367-96c3-3cbcd755df2f,MIAMI,5bd38d2e-6dc0-4e78-996a-08c3d0502003,,,
Legal Services of Greater Miami,34cf3c0e-65ef-4367-96c3-3cbcd755df2f,MWC,5bd38d2d-0ad4-480a-b4ca-08c3d0502003,,,
Legal Services of Greater Miami,34cf3c0e-65ef-4367-96c3-3cbcd755df2f,Perrine,5bd38d2d-2b80-4db5-9e51-08c3d0502003,,,
Legal Services of Greater Miami,34cf3c0e-65ef-4367-96c3-3cbcd755df2f,SMCL,5bd38d2d-7dc0-4786-af12-08c3d0502003,,,
Legal Services of Greater Miami,34cf3c0e-65ef-4367-96c3-3cbcd755df2f,South Dade,5bd38d2c-e800-4cf7-a550-08c3d0502003,,,
Legal Services of Greater Miami,34cf3c0e-65ef-4367-96c3-3cbcd755df2f,SOUTH DADE,5bd38d2c-1e7c-46f7-9c8a-08c3d0502003,,,
Legal Services of Greater Miami,34cf3c0e-65ef-4367-96c3-3cbcd755df2f,x,5bd38d34-74f8-4409-b451-08c3d0502003,State: FL,,
Legal Services of Greater Miami,34cf3c0e-65ef-4367-96c3-3cbcd755df2f,xx,5bd38d2c-c5dc-4211-90bd-08c3d0502003,State: FL,,
"Legal Services of North Florida, Inc.",d6ba1873-27d0-4632-9b9a-63ab88c3553f,Default Office,5bd38b73-c680-49a0-9eeb-70ead0502007,State: FL,,
"Legal Services of North Florida, Inc.",d6ba1873-27d0-4632-9b9a-63ab88c3553f,FLAP,5bd38b75-dbb4-42a2-8756-70ead0502007,"2119 Delta Boulevard, Tallahassee, FL 32303",,main: 850-701-1778
"Legal Services of North Florida, Inc.",d6ba1873-27d0-4632-9b9a-63ab88c3553f,Ft. Walton Beach,5b6b47b3-6b0c-45a2-a4ba-0333d0502007,"133 Staff Drive, NE, Ft. Walton Beach, FL 32548",,main: 850-862-3279
"Legal Services of North Florida, Inc.",d6ba1873-27d0-4632-9b9a-63ab88c3553f,"Imported ""none specified""",5bd38b73-ea14-4d54-8d9b-70ead0502007,State: FL,,
"Legal Services of North Florida, Inc.",d6ba1873-27d0-4632-9b9a-63ab88c3553f,Main Office,5bd38b75-65a0-4680-805e-70ead0502007,"2119 Delta Boulevard, Tallahassee, FL 32303",,main: 850-385-9007
"Legal Services of North Florida, Inc.",d6ba1873-27d0-4632-9b9a-63ab88c3553f,Panama City,5b6b47b4-ad00-4460-80bb-0333d0502007,"211 East 11th Street, Panama City, FL 32401",,main: 850-769-3581
"Legal Services of North Florida, Inc.",d6ba1873-27d0-4632-9b9a-63ab88c3553f,Pensacola,5b6b47b4-f518-4738-abb3-0333d0502007,"118 South Baylen Street, Pensacola, FL 32502",,main: 850-432-8222
"Legal Services of North Florida, Inc.",d6ba1873-27d0-4632-9b9a-63ab88c3553f,Quincy,5b6b47b4-95cc-41aa-a9a0-0333d0502007,"121 North Jackson Street, Quincy, FL 32351",,main: 850-875-9881
"Legal Services of North Florida, Inc.",d6ba1873-27d0-4632-9b9a-63ab88c3553f,Tallahassee,5b6b47b5-e4f0-40d4-9107-0333d0502007,"2119 Delta Boulevard, Tallahassee, FL 32303",,main: 850-385-9007
"Northwest Florida Legal Servcies, Inc.",7ae7a675-bed9-4c1f-85e6-cbb73484dc95,Default Office,5bd38dc7-cdac-4ae8-8e65-7530d0502004,State: FL,,
"Northwest Florida Legal Servcies, Inc.",7ae7a675-bed9-4c1f-85e6-cbb73484dc95,Main,5bd38dc7-11a8-4bed-82ee-7530d0502004,"701 South J Street, Pensacola, FL 32501",,main: (850) 432-2336
"Northwest Florida Legal Servcies, Inc.",7ae7a675-bed9-4c1f-85e6-cbb73484dc95,Milton,5bd38dc8-0094-4913-af40-7530d0502004,"5224 Willing Street, Milton, FL 32570",,main: 850-432-2336
Three Rivers Legal Services,bedacb58-244a-42f1-bc84-fdca9be6fd9a,Gainesville,5bb76744-b05c-4d04-8796-4853ac1e021a,"1000 NE 16th Ave, Building I, Gainesville, FL 32601",https://www.trls.org/locations/,"tollfree: 800-372-0936, main: 352-372-0519"
Three Rivers Legal Services,bedacb58-244a-42f1-bc84-fdca9be6fd9a,Jacksonville,5bb76a86-d90c-4e70-b954-4040ac1e021a,"3225 University Blvd S, Ste 220, Jacksonville, FL 32216",https://www.trls.org/locations/,"main: 904-394-7450, tollfree: 866-256-8091"
Three Rivers Legal Services,bedacb58-244a-42f1-bc84-fdca9be6fd9a,Lake City,5bb76a86-250c-4003-bc69-4298ac1e021a,"334 NW Lake City Avenue, Lake CIty, FL 32055",https://www.trls.org/locations/,"tollfree: 800-495-0039, main: 386-752-5960"
Three Rivers Legal Services,bedacb58-244a-42f1-bc84-fdca9be6fd9a,Legal Help Line,5bb76a86-3770-48bb-822a-4e0eac1e021a,State: FL,https://floi.legalserver.org/modules/matter/extern_intake.php?pid=38&h=757e8c,tollfree: 866-256-8091